"Statistic Label","Year","NUTS 2 Region","UNIT","VALUE"
"Compensation of Employees (i.e. Wages and Salaries, Benefits in kind, Employers' social insurance contribution)","2000","Ireland","Euro Million","42023.36"
"Compensation of Employees (i.e. Wages and Salaries, Benefits in kind, Employers' social insurance contribution)","2000","Northern & Western","Euro Million","5945.04"
"Compensation of Employees (i.e. Wages and Salaries, Benefits in kind, Employers' social insurance contribution)","2000","Southern","Euro Million","12934.25"
"Compensation of Employees (i.e. Wages and Salaries, Benefits in kind, Employers' social insurance contribution)","2000","Eastern & Midland","Euro Million","23144.07"
"Compensation of Employees (i.e. Wages and Salaries, Benefits in kind, Employers' social insurance contribution)","2001","Ireland","Euro Million","46881.83"
"Compensation of Employees (i.e. Wages and Salaries, Benefits in kind, Employers' social insurance contribution)","2001","Northern & Western","Euro Million","6632.37"
"Compensation of Employees (i.e. Wages and Salaries, Benefits in kind, Employers' social insurance contribution)","2001","Southern","Euro Million","14429.62"
"Compensation of Employees (i.e. Wages and Salaries, Benefits in kind, Employers' social insurance contribution)","2001","Eastern & Midland","Euro Million","25819.84"
"Compensation of Employees (i.e. Wages and Salaries, Benefits in kind, Employers' social insurance contribution)","2002","Ireland","Euro Million","50047.8"
"Compensation of Employees (i.e. Wages and Salaries, Benefits in kind, Employers' social insurance contribution)","2002","Northern & Western","Euro Million","7080.26"
"Compensation of Employees (i.e. Wages and Salaries, Benefits in kind, Employers' social insurance contribution)","2002","Southern","Euro Million","15404.07"
"Compensation of Employees (i.e. Wages and Salaries, Benefits in kind, Employers' social insurance contribution)","2002","Eastern & Midland","Euro Million","27563.47"
"Compensation of Employees (i.e. Wages and Salaries, Benefits in kind, Employers' social insurance contribution)","2003","Ireland","Euro Million","54456.14"
"Compensation of Employees (i.e. Wages and Salaries, Benefits in kind, Employers' social insurance contribution)","2003","Northern & Western","Euro Million","7703.91"
"Compensation of Employees (i.e. Wages and Salaries, Benefits in kind, Employers' social insurance contribution)","2003","Southern","Euro Million","16760.9"
"Compensation of Employees (i.e. Wages and Salaries, Benefits in kind, Employers' social insurance contribution)","2003","Eastern & Midland","Euro Million","29991.33"
"Compensation of Employees (i.e. Wages and Salaries, Benefits in kind, Employers' social insurance contribution)","2004","Ireland","Euro Million","59115.76"
"Compensation of Employees (i.e. Wages and Salaries, Benefits in kind, Employers' social insurance contribution)","2004","Northern & Western","Euro Million","8363.1"
"Compensation of Employees (i.e. Wages and Salaries, Benefits in kind, Employers' social insurance contribution)","2004","Southern","Euro Million","18195.07"
"Compensation of Employees (i.e. Wages and Salaries, Benefits in kind, Employers' social insurance contribution)","2004","Eastern & Midland","Euro Million","32557.59"
"Compensation of Employees (i.e. Wages and Salaries, Benefits in kind, Employers' social insurance contribution)","2005","Ireland","Euro Million","65696.95"
"Compensation of Employees (i.e. Wages and Salaries, Benefits in kind, Employers' social insurance contribution)","2005","Northern & Western","Euro Million","9294.14"
"Compensation of Employees (i.e. Wages and Salaries, Benefits in kind, Employers' social insurance contribution)","2005","Southern","Euro Million","20220.68"
"Compensation of Employees (i.e. Wages and Salaries, Benefits in kind, Employers' social insurance contribution)","2005","Eastern & Midland","Euro Million","36182.13"
"Compensation of Employees (i.e. Wages and Salaries, Benefits in kind, Employers' social insurance contribution)","2006","Ireland","Euro Million","72242.12"
"Compensation of Employees (i.e. Wages and Salaries, Benefits in kind, Employers' social insurance contribution)","2006","Northern & Western","Euro Million","10220.09"
"Compensation of Employees (i.e. Wages and Salaries, Benefits in kind, Employers' social insurance contribution)","2006","Southern","Euro Million","22235.19"
"Compensation of Employees (i.e. Wages and Salaries, Benefits in kind, Employers' social insurance contribution)","2006","Eastern & Midland","Euro Million","39786.83"
"Compensation of Employees (i.e. Wages and Salaries, Benefits in kind, Employers' social insurance contribution)","2007","Ireland","Euro Million","79019.65"
"Compensation of Employees (i.e. Wages and Salaries, Benefits in kind, Employers' social insurance contribution)","2007","Northern & Western","Euro Million","11178.9"
"Compensation of Employees (i.e. Wages and Salaries, Benefits in kind, Employers' social insurance contribution)","2007","Southern","Euro Million","24321.23"
"Compensation of Employees (i.e. Wages and Salaries, Benefits in kind, Employers' social insurance contribution)","2007","Eastern & Midland","Euro Million","43519.51"
"Compensation of Employees (i.e. Wages and Salaries, Benefits in kind, Employers' social insurance contribution)","2008","Ireland","Euro Million","81172.69"
"Compensation of Employees (i.e. Wages and Salaries, Benefits in kind, Employers' social insurance contribution)","2008","Northern & Western","Euro Million","11483.5"
"Compensation of Employees (i.e. Wages and Salaries, Benefits in kind, Employers' social insurance contribution)","2008","Southern","Euro Million","24983.91"
"Compensation of Employees (i.e. Wages and Salaries, Benefits in kind, Employers' social insurance contribution)","2008","Eastern & Midland","Euro Million","44705.28"
"Compensation of Employees (i.e. Wages and Salaries, Benefits in kind, Employers' social insurance contribution)","2009","Ireland","Euro Million","74007.89"
"Compensation of Employees (i.e. Wages and Salaries, Benefits in kind, Employers' social insurance contribution)","2009","Northern & Western","Euro Million","10469.89"
"Compensation of Employees (i.e. Wages and Salaries, Benefits in kind, Employers' social insurance contribution)","2009","Southern","Euro Million","22778.67"
"Compensation of Employees (i.e. Wages and Salaries, Benefits in kind, Employers' social insurance contribution)","2009","Eastern & Midland","Euro Million","40759.32"
"Compensation of Employees (i.e. Wages and Salaries, Benefits in kind, Employers' social insurance contribution)","2010","Ireland","Euro Million","69392.67"
"Compensation of Employees (i.e. Wages and Salaries, Benefits in kind, Employers' social insurance contribution)","2010","Northern & Western","Euro Million","9816.98"
"Compensation of Employees (i.e. Wages and Salaries, Benefits in kind, Employers' social insurance contribution)","2010","Southern","Euro Million","21358.17"
"Compensation of Employees (i.e. Wages and Salaries, Benefits in kind, Employers' social insurance contribution)","2010","Eastern & Midland","Euro Million","38217.52"
"Compensation of Employees (i.e. Wages and Salaries, Benefits in kind, Employers' social insurance contribution)","2011","Ireland","Euro Million","71287.41"
"Compensation of Employees (i.e. Wages and Salaries, Benefits in kind, Employers' social insurance contribution)","2011","Northern & Western","Euro Million","10494.73"
"Compensation of Employees (i.e. Wages and Salaries, Benefits in kind, Employers' social insurance contribution)","2011","Southern","Euro Million","21923.45"
"Compensation of Employees (i.e. Wages and Salaries, Benefits in kind, Employers' social insurance contribution)","2011","Eastern & Midland","Euro Million","38869.23"
"Compensation of Employees (i.e. Wages and Salaries, Benefits in kind, Employers' social insurance contribution)","2012","Ireland","Euro Million","71983.08"
"Compensation of Employees (i.e. Wages and Salaries, Benefits in kind, Employers' social insurance contribution)","2012","Northern & Western","Euro Million","10480.98"
"Compensation of Employees (i.e. Wages and Salaries, Benefits in kind, Employers' social insurance contribution)","2012","Southern","Euro Million","22137.44"
"Compensation of Employees (i.e. Wages and Salaries, Benefits in kind, Employers' social insurance contribution)","2012","Eastern & Midland","Euro Million","39364.66"
"Compensation of Employees (i.e. Wages and Salaries, Benefits in kind, Employers' social insurance contribution)","2013","Ireland","Euro Million","73098.06"
"Compensation of Employees (i.e. Wages and Salaries, Benefits in kind, Employers' social insurance contribution)","2013","Northern & Western","Euro Million","10651.17"
"Compensation of Employees (i.e. Wages and Salaries, Benefits in kind, Employers' social insurance contribution)","2013","Southern","Euro Million","22417.88"
"Compensation of Employees (i.e. Wages and Salaries, Benefits in kind, Employers' social insurance contribution)","2013","Eastern & Midland","Euro Million","40029.01"
"Compensation of Employees (i.e. Wages and Salaries, Benefits in kind, Employers' social insurance contribution)","2014","Ireland","Euro Million","76019.28"
"Compensation of Employees (i.e. Wages and Salaries, Benefits in kind, Employers' social insurance contribution)","2014","Northern & Western","Euro Million","11090.48"
"Compensation of Employees (i.e. Wages and Salaries, Benefits in kind, Employers' social insurance contribution)","2014","Southern","Euro Million","23317.62"
"Compensation of Employees (i.e. Wages and Salaries, Benefits in kind, Employers' social insurance contribution)","2014","Eastern & Midland","Euro Million","41611.18"
"Compensation of Employees (i.e. Wages and Salaries, Benefits in kind, Employers' social insurance contribution)","2015","Ireland","Euro Million","80874.94"
"Compensation of Employees (i.e. Wages and Salaries, Benefits in kind, Employers' social insurance contribution)","2015","Northern & Western","Euro Million","11689.94"
"Compensation of Employees (i.e. Wages and Salaries, Benefits in kind, Employers' social insurance contribution)","2015","Southern","Euro Million","24694.72"
"Compensation of Employees (i.e. Wages and Salaries, Benefits in kind, Employers' social insurance contribution)","2015","Eastern & Midland","Euro Million","44490.29"
"Compensation of Employees (i.e. Wages and Salaries, Benefits in kind, Employers' social insurance contribution)","2016","Ireland","Euro Million","86257.55"
"Compensation of Employees (i.e. Wages and Salaries, Benefits in kind, Employers' social insurance contribution)","2016","Northern & Western","Euro Million","12437.27"
"Compensation of Employees (i.e. Wages and Salaries, Benefits in kind, Employers' social insurance contribution)","2016","Southern","Euro Million","26227.15"
"Compensation of Employees (i.e. Wages and Salaries, Benefits in kind, Employers' social insurance contribution)","2016","Eastern & Midland","Euro Million","47593.13"
"Compensation of Employees (i.e. Wages and Salaries, Benefits in kind, Employers' social insurance contribution)","2017","Ireland","Euro Million","92268.18"
"Compensation of Employees (i.e. Wages and Salaries, Benefits in kind, Employers' social insurance contribution)","2017","Northern & Western","Euro Million","13237.8"
"Compensation of Employees (i.e. Wages and Salaries, Benefits in kind, Employers' social insurance contribution)","2017","Southern","Euro Million","27969.71"
"Compensation of Employees (i.e. Wages and Salaries, Benefits in kind, Employers' social insurance contribution)","2017","Eastern & Midland","Euro Million","51060.68"
"Compensation of Employees (i.e. Wages and Salaries, Benefits in kind, Employers' social insurance contribution)","2018","Ireland","Euro Million","98206.56"
"Compensation of Employees (i.e. Wages and Salaries, Benefits in kind, Employers' social insurance contribution)","2018","Northern & Western","Euro Million","14026.49"
"Compensation of Employees (i.e. Wages and Salaries, Benefits in kind, Employers' social insurance contribution)","2018","Southern","Euro Million","29651.04"
"Compensation of Employees (i.e. Wages and Salaries, Benefits in kind, Employers' social insurance contribution)","2018","Eastern & Midland","Euro Million","54529.03"
"Compensation of Employees (i.e. Wages and Salaries, Benefits in kind, Employers' social insurance contribution)","2019","Ireland","Euro Million","106113.02"
"Compensation of Employees (i.e. Wages and Salaries, Benefits in kind, Employers' social insurance contribution)","2019","Northern & Western","Euro Million","15082.83"
"Compensation of Employees (i.e. Wages and Salaries, Benefits in kind, Employers' social insurance contribution)","2019","Southern","Euro Million","31797.29"
"Compensation of Employees (i.e. Wages and Salaries, Benefits in kind, Employers' social insurance contribution)","2019","Eastern & Midland","Euro Million","59232.9"
"Compensation of Employees (i.e. Wages and Salaries, Benefits in kind, Employers' social insurance contribution)","2020","Ireland","Euro Million","105800.86"
"Compensation of Employees (i.e. Wages and Salaries, Benefits in kind, Employers' social insurance contribution)","2020","Northern & Western","Euro Million","15015.85"
"Compensation of Employees (i.e. Wages and Salaries, Benefits in kind, Employers' social insurance contribution)","2020","Southern","Euro Million","31754.44"
"Compensation of Employees (i.e. Wages and Salaries, Benefits in kind, Employers' social insurance contribution)","2020","Eastern & Midland","Euro Million","59030.56"
"Compensation of Employees (i.e. Wages and Salaries, Benefits in kind, Employers' social insurance contribution)","2021","Ireland","Euro Million","116964.17"
"Compensation of Employees (i.e. Wages and Salaries, Benefits in kind, Employers' social insurance contribution)","2021","Northern & Western","Euro Million","16573.98"
"Compensation of Employees (i.e. Wages and Salaries, Benefits in kind, Employers' social insurance contribution)","2021","Southern","Euro Million","34895.48"
"Compensation of Employees (i.e. Wages and Salaries, Benefits in kind, Employers' social insurance contribution)","2021","Eastern & Midland","Euro Million","65494.7"
"Compensation of Employees (i.e. Wages and Salaries, Benefits in kind, Employers' social insurance contribution)","2022","Ireland","Euro Million","128197.82"
"Compensation of Employees (i.e. Wages and Salaries, Benefits in kind, Employers' social insurance contribution)","2022","Northern & Western","Euro Million","17969.52"
"Compensation of Employees (i.e. Wages and Salaries, Benefits in kind, Employers' social insurance contribution)","2022","Southern","Euro Million","37933.08"
"Compensation of Employees (i.e. Wages and Salaries, Benefits in kind, Employers' social insurance contribution)","2022","Eastern & Midland","Euro Million","72295.21"
"Compensation of Employees (i.e. Wages and Salaries, Benefits in kind, Employers' social insurance contribution)","2023","Ireland","Euro Million","141941.44"
"Compensation of Employees (i.e. Wages and Salaries, Benefits in kind, Employers' social insurance contribution)","2023","Northern & Western","Euro Million","20040.13"
"Compensation of Employees (i.e. Wages and Salaries, Benefits in kind, Employers' social insurance contribution)","2023","Southern","Euro Million","42184.95"
"Compensation of Employees (i.e. Wages and Salaries, Benefits in kind, Employers' social insurance contribution)","2023","Eastern & Midland","Euro Million","79716.36"
"Rent of dwellings (including imputed rent of owner-occupied dwellings)","2000","Ireland","Euro Million","3180.03"
"Rent of dwellings (including imputed rent of owner-occupied dwellings)","2000","Northern & Western","Euro Million","455.13"
"Rent of dwellings (including imputed rent of owner-occupied dwellings)","2000","Southern","Euro Million","902.38"
"Rent of dwellings (including imputed rent of owner-occupied dwellings)","2000","Eastern & Midland","Euro Million","1822.52"
"Rent of dwellings (including imputed rent of owner-occupied dwellings)","2001","Ireland","Euro Million","3859.05"
"Rent of dwellings (including imputed rent of owner-occupied dwellings)","2001","Northern & Western","Euro Million","547.58"
"Rent of dwellings (including imputed rent of owner-occupied dwellings)","2001","Southern","Euro Million","1092.32"
"Rent of dwellings (including imputed rent of owner-occupied dwellings)","2001","Eastern & Midland","Euro Million","2219.14"
"Rent of dwellings (including imputed rent of owner-occupied dwellings)","2002","Ireland","Euro Million","4383.05"
"Rent of dwellings (including imputed rent of owner-occupied dwellings)","2002","Northern & Western","Euro Million","616.73"
"Rent of dwellings (including imputed rent of owner-occupied dwellings)","2002","Southern","Euro Million","1236.63"
"Rent of dwellings (including imputed rent of owner-occupied dwellings)","2002","Eastern & Midland","Euro Million","2529.69"
"Rent of dwellings (including imputed rent of owner-occupied dwellings)","2003","Ireland","Euro Million","4149.89"
"Rent of dwellings (including imputed rent of owner-occupied dwellings)","2003","Northern & Western","Euro Million","587.38"
"Rent of dwellings (including imputed rent of owner-occupied dwellings)","2003","Southern","Euro Million","1179.39"
"Rent of dwellings (including imputed rent of owner-occupied dwellings)","2003","Eastern & Midland","Euro Million","2383.12"
"Rent of dwellings (including imputed rent of owner-occupied dwellings)","2004","Ireland","Euro Million","3586.87"
"Rent of dwellings (including imputed rent of owner-occupied dwellings)","2004","Northern & Western","Euro Million","510.26"
"Rent of dwellings (including imputed rent of owner-occupied dwellings)","2004","Southern","Euro Million","1026.09"
"Rent of dwellings (including imputed rent of owner-occupied dwellings)","2004","Eastern & Midland","Euro Million","2050.52"
"Rent of dwellings (including imputed rent of owner-occupied dwellings)","2005","Ireland","Euro Million","3063.35"
"Rent of dwellings (including imputed rent of owner-occupied dwellings)","2005","Northern & Western","Euro Million","437.82"
"Rent of dwellings (including imputed rent of owner-occupied dwellings)","2005","Southern","Euro Million","881.59"
"Rent of dwellings (including imputed rent of owner-occupied dwellings)","2005","Eastern & Midland","Euro Million","1743.94"
"Rent of dwellings (including imputed rent of owner-occupied dwellings)","2006","Ireland","Euro Million","2915.59"
"Rent of dwellings (including imputed rent of owner-occupied dwellings)","2006","Northern & Western","Euro Million","419.71"
"Rent of dwellings (including imputed rent of owner-occupied dwellings)","2006","Southern","Euro Million","846.03"
"Rent of dwellings (including imputed rent of owner-occupied dwellings)","2006","Eastern & Midland","Euro Million","1649.86"
"Rent of dwellings (including imputed rent of owner-occupied dwellings)","2007","Ireland","Euro Million","4719.17"
"Rent of dwellings (including imputed rent of owner-occupied dwellings)","2007","Northern & Western","Euro Million","692.23"
"Rent of dwellings (including imputed rent of owner-occupied dwellings)","2007","Southern","Euro Million","1371.06"
"Rent of dwellings (including imputed rent of owner-occupied dwellings)","2007","Eastern & Midland","Euro Million","2655.88"
"Rent of dwellings (including imputed rent of owner-occupied dwellings)","2008","Ireland","Euro Million","6841.85"
"Rent of dwellings (including imputed rent of owner-occupied dwellings)","2008","Northern & Western","Euro Million","1015.19"
"Rent of dwellings (including imputed rent of owner-occupied dwellings)","2008","Southern","Euro Million","2008.6"
"Rent of dwellings (including imputed rent of owner-occupied dwellings)","2008","Eastern & Midland","Euro Million","3818.06"
"Rent of dwellings (including imputed rent of owner-occupied dwellings)","2009","Ireland","Euro Million","4519.99"
"Rent of dwellings (including imputed rent of owner-occupied dwellings)","2009","Northern & Western","Euro Million","674.03"
"Rent of dwellings (including imputed rent of owner-occupied dwellings)","2009","Southern","Euro Million","1338.12"
"Rent of dwellings (including imputed rent of owner-occupied dwellings)","2009","Eastern & Midland","Euro Million","2507.84"
"Rent of dwellings (including imputed rent of owner-occupied dwellings)","2010","Ireland","Euro Million","5320.58"
"Rent of dwellings (including imputed rent of owner-occupied dwellings)","2010","Northern & Western","Euro Million","794.4"
"Rent of dwellings (including imputed rent of owner-occupied dwellings)","2010","Southern","Euro Million","1585.69"
"Rent of dwellings (including imputed rent of owner-occupied dwellings)","2010","Eastern & Midland","Euro Million","2940.5"
"Rent of dwellings (including imputed rent of owner-occupied dwellings)","2011","Ireland","Euro Million","5506.32"
"Rent of dwellings (including imputed rent of owner-occupied dwellings)","2011","Northern & Western","Euro Million","789.16"
"Rent of dwellings (including imputed rent of owner-occupied dwellings)","2011","Southern","Euro Million","1615.72"
"Rent of dwellings (including imputed rent of owner-occupied dwellings)","2011","Eastern & Midland","Euro Million","3101.44"
"Rent of dwellings (including imputed rent of owner-occupied dwellings)","2012","Ireland","Euro Million","5864.26"
"Rent of dwellings (including imputed rent of owner-occupied dwellings)","2012","Northern & Western","Euro Million","873.69"
"Rent of dwellings (including imputed rent of owner-occupied dwellings)","2012","Southern","Euro Million","1754.28"
"Rent of dwellings (including imputed rent of owner-occupied dwellings)","2012","Eastern & Midland","Euro Million","3236.3"
"Rent of dwellings (including imputed rent of owner-occupied dwellings)","2013","Ireland","Euro Million","5999.48"
"Rent of dwellings (including imputed rent of owner-occupied dwellings)","2013","Northern & Western","Euro Million","895.71"
"Rent of dwellings (including imputed rent of owner-occupied dwellings)","2013","Southern","Euro Million","1797.01"
"Rent of dwellings (including imputed rent of owner-occupied dwellings)","2013","Eastern & Midland","Euro Million","3306.76"
"Rent of dwellings (including imputed rent of owner-occupied dwellings)","2014","Ireland","Euro Million","6509.95"
"Rent of dwellings (including imputed rent of owner-occupied dwellings)","2014","Northern & Western","Euro Million","972.07"
"Rent of dwellings (including imputed rent of owner-occupied dwellings)","2014","Southern","Euro Million","1948.18"
"Rent of dwellings (including imputed rent of owner-occupied dwellings)","2014","Eastern & Midland","Euro Million","3589.69"
"Rent of dwellings (including imputed rent of owner-occupied dwellings)","2015","Ireland","Euro Million","7300.2"
"Rent of dwellings (including imputed rent of owner-occupied dwellings)","2015","Northern & Western","Euro Million","1090.96"
"Rent of dwellings (including imputed rent of owner-occupied dwellings)","2015","Southern","Euro Million","2184.93"
"Rent of dwellings (including imputed rent of owner-occupied dwellings)","2015","Eastern & Midland","Euro Million","4024.31"
"Rent of dwellings (including imputed rent of owner-occupied dwellings)","2016","Ireland","Euro Million","7536.1"
"Rent of dwellings (including imputed rent of owner-occupied dwellings)","2016","Northern & Western","Euro Million","1000.51"
"Rent of dwellings (including imputed rent of owner-occupied dwellings)","2016","Southern","Euro Million","2103.61"
"Rent of dwellings (including imputed rent of owner-occupied dwellings)","2016","Eastern & Midland","Euro Million","4431.98"
"Rent of dwellings (including imputed rent of owner-occupied dwellings)","2017","Ireland","Euro Million","8189.7"
"Rent of dwellings (including imputed rent of owner-occupied dwellings)","2017","Northern & Western","Euro Million","1085.02"
"Rent of dwellings (including imputed rent of owner-occupied dwellings)","2017","Southern","Euro Million","2280.82"
"Rent of dwellings (including imputed rent of owner-occupied dwellings)","2017","Eastern & Midland","Euro Million","4823.86"
"Rent of dwellings (including imputed rent of owner-occupied dwellings)","2018","Ireland","Euro Million","9044.1"
"Rent of dwellings (including imputed rent of owner-occupied dwellings)","2018","Northern & Western","Euro Million","1196.13"
"Rent of dwellings (including imputed rent of owner-occupied dwellings)","2018","Southern","Euro Million","2511.53"
"Rent of dwellings (including imputed rent of owner-occupied dwellings)","2018","Eastern & Midland","Euro Million","5336.43"
"Rent of dwellings (including imputed rent of owner-occupied dwellings)","2019","Ireland","Euro Million","10219.77"
"Rent of dwellings (including imputed rent of owner-occupied dwellings)","2019","Northern & Western","Euro Million","1349.34"
"Rent of dwellings (including imputed rent of owner-occupied dwellings)","2019","Southern","Euro Million","2830.06"
"Rent of dwellings (including imputed rent of owner-occupied dwellings)","2019","Eastern & Midland","Euro Million","6040.38"
"Rent of dwellings (including imputed rent of owner-occupied dwellings)","2020","Ireland","Euro Million","10629.43"
"Rent of dwellings (including imputed rent of owner-occupied dwellings)","2020","Northern & Western","Euro Million","1401"
"Rent of dwellings (including imputed rent of owner-occupied dwellings)","2020","Southern","Euro Million","2936"
"Rent of dwellings (including imputed rent of owner-occupied dwellings)","2020","Eastern & Midland","Euro Million","6292.44"
"Rent of dwellings (including imputed rent of owner-occupied dwellings)","2021","Ireland","Euro Million","11221.86"
"Rent of dwellings (including imputed rent of owner-occupied dwellings)","2021","Northern & Western","Euro Million","1256.23"
"Rent of dwellings (including imputed rent of owner-occupied dwellings)","2021","Southern","Euro Million","2564.89"
"Rent of dwellings (including imputed rent of owner-occupied dwellings)","2021","Eastern & Midland","Euro Million","7400.75"
"Rent of dwellings (including imputed rent of owner-occupied dwellings)","2022","Ireland","Euro Million","12564.86"
"Rent of dwellings (including imputed rent of owner-occupied dwellings)","2022","Northern & Western","Euro Million","1452.95"
"Rent of dwellings (including imputed rent of owner-occupied dwellings)","2022","Southern","Euro Million","2927.82"
"Rent of dwellings (including imputed rent of owner-occupied dwellings)","2022","Eastern & Midland","Euro Million","8184.09"
"Rent of dwellings (including imputed rent of owner-occupied dwellings)","2023","Ireland","Euro Million","15786.78"
"Rent of dwellings (including imputed rent of owner-occupied dwellings)","2023","Northern & Western","Euro Million","1878.07"
"Rent of dwellings (including imputed rent of owner-occupied dwellings)","2023","Southern","Euro Million","3715.46"
"Rent of dwellings (including imputed rent of owner-occupied dwellings)","2023","Eastern & Midland","Euro Million","10193.25"
"Total Household Income","2000","Ireland","Euro Million","66806.88"
"Total Household Income","2000","Northern & Western","Euro Million","10205.8"
"Total Household Income","2000","Southern","Euro Million","21505.8"
"Total Household Income","2000","Eastern & Midland","Euro Million","35095.28"
"Total Household Income","2001","Ireland","Euro Million","75292.75"
"Total Household Income","2001","Northern & Western","Euro Million","11495.06"
"Total Household Income","2001","Southern","Euro Million","24242.25"
"Total Household Income","2001","Eastern & Midland","Euro Million","39555.44"
"Total Household Income","2002","Ireland","Euro Million","79429.74"
"Total Household Income","2002","Northern & Western","Euro Million","12070.98"
"Total Household Income","2002","Southern","Euro Million","25519.41"
"Total Household Income","2002","Eastern & Midland","Euro Million","41839.34"
"Total Household Income","2003","Ireland","Euro Million","85809.49"
"Total Household Income","2003","Northern & Western","Euro Million","13019.72"
"Total Household Income","2003","Southern","Euro Million","27809.8"
"Total Household Income","2003","Eastern & Midland","Euro Million","44979.97"
"Total Household Income","2004","Ireland","Euro Million","93169.93"
"Total Household Income","2004","Northern & Western","Euro Million","14117.49"
"Total Household Income","2004","Southern","Euro Million","30451.32"
"Total Household Income","2004","Eastern & Midland","Euro Million","48601.11"
"Total Household Income","2005","Ireland","Euro Million","102828.76"
"Total Household Income","2005","Northern & Western","Euro Million","15456.15"
"Total Household Income","2005","Southern","Euro Million","33844.38"
"Total Household Income","2005","Eastern & Midland","Euro Million","53528.23"
"Total Household Income","2006","Ireland","Euro Million","111318.81"
"Total Household Income","2006","Northern & Western","Euro Million","16703.62"
"Total Household Income","2006","Southern","Euro Million","36478.98"
"Total Household Income","2006","Eastern & Midland","Euro Million","58136.22"
"Total Household Income","2007","Ireland","Euro Million","122062.15"
"Total Household Income","2007","Northern & Western","Euro Million","18567.28"
"Total Household Income","2007","Southern","Euro Million","39884.89"
"Total Household Income","2007","Eastern & Midland","Euro Million","63609.98"
"Total Household Income","2008","Ireland","Euro Million","127138.51"
"Total Household Income","2008","Northern & Western","Euro Million","19363.05"
"Total Household Income","2008","Southern","Euro Million","41422.47"
"Total Household Income","2008","Eastern & Midland","Euro Million","66352.99"
"Total Household Income","2009","Ireland","Euro Million","120802.71"
"Total Household Income","2009","Northern & Western","Euro Million","19106.72"
"Total Household Income","2009","Southern","Euro Million","39499.64"
"Total Household Income","2009","Eastern & Midland","Euro Million","62196.36"
"Total Household Income","2010","Ireland","Euro Million","115478.03"
"Total Household Income","2010","Northern & Western","Euro Million","18183.19"
"Total Household Income","2010","Southern","Euro Million","37804.12"
"Total Household Income","2010","Eastern & Midland","Euro Million","59490.73"
"Total Household Income","2011","Ireland","Euro Million","116475.52"
"Total Household Income","2011","Northern & Western","Euro Million","18701.08"
"Total Household Income","2011","Southern","Euro Million","38066.1"
"Total Household Income","2011","Eastern & Midland","Euro Million","59708.33"
"Total Household Income","2012","Ireland","Euro Million","120475.23"
"Total Household Income","2012","Northern & Western","Euro Million","19189.38"
"Total Household Income","2012","Southern","Euro Million","39572.28"
"Total Household Income","2012","Eastern & Midland","Euro Million","61713.57"
"Total Household Income","2013","Ireland","Euro Million","120389.8"
"Total Household Income","2013","Northern & Western","Euro Million","19148.93"
"Total Household Income","2013","Southern","Euro Million","39267.87"
"Total Household Income","2013","Eastern & Midland","Euro Million","61973"
"Total Household Income","2014","Ireland","Euro Million","124219.42"
"Total Household Income","2014","Northern & Western","Euro Million","19737.19"
"Total Household Income","2014","Southern","Euro Million","40484.47"
"Total Household Income","2014","Eastern & Midland","Euro Million","63997.76"
"Total Household Income","2015","Ireland","Euro Million","131400.56"
"Total Household Income","2015","Northern & Western","Euro Million","20681.11"
"Total Household Income","2015","Southern","Euro Million","42572.83"
"Total Household Income","2015","Eastern & Midland","Euro Million","68146.63"
"Total Household Income","2016","Ireland","Euro Million","136914.59"
"Total Household Income","2016","Northern & Western","Euro Million","21278"
"Total Household Income","2016","Southern","Euro Million","43985.65"
"Total Household Income","2016","Eastern & Midland","Euro Million","71650.93"
"Total Household Income","2017","Ireland","Euro Million","146028.61"
"Total Household Income","2017","Northern & Western","Euro Million","22520.86"
"Total Household Income","2017","Southern","Euro Million","46940.41"
"Total Household Income","2017","Eastern & Midland","Euro Million","76567.34"
"Total Household Income","2018","Ireland","Euro Million","152933.68"
"Total Household Income","2018","Northern & Western","Euro Million","23565.71"
"Total Household Income","2018","Southern","Euro Million","48624.24"
"Total Household Income","2018","Eastern & Midland","Euro Million","80743.72"
"Total Household Income","2019","Ireland","Euro Million","163816.97"
"Total Household Income","2019","Northern & Western","Euro Million","25004.51"
"Total Household Income","2019","Southern","Euro Million","51575.21"
"Total Household Income","2019","Eastern & Midland","Euro Million","87237.26"
"Total Household Income","2020","Ireland","Euro Million","169055.58"
"Total Household Income","2020","Northern & Western","Euro Million","26373.17"
"Total Household Income","2020","Southern","Euro Million","53331.32"
"Total Household Income","2020","Eastern & Midland","Euro Million","89351.09"
"Total Household Income","2021","Ireland","Euro Million","184134.57"
"Total Household Income","2021","Northern & Western","Euro Million","27963.57"
"Total Household Income","2021","Southern","Euro Million","57500.65"
"Total Household Income","2021","Eastern & Midland","Euro Million","98670.35"
"Total Household Income","2022","Ireland","Euro Million","199717.83"
"Total Household Income","2022","Northern & Western","Euro Million","30103.34"
"Total Household Income","2022","Southern","Euro Million","62145.18"
"Total Household Income","2022","Eastern & Midland","Euro Million","107469.32"
"Total Household Income","2023","Ireland","Euro Million","218867.17"
"Total Household Income","2023","Northern & Western","Euro Million","32868.39"
"Total Household Income","2023","Southern","Euro Million","67667.71"
"Total Household Income","2023","Eastern & Midland","Euro Million","118331.07"
"Total Income per Person","2000","Ireland","Euro","17561.1"
"Total Income per Person","2000","Northern & Western","Euro","14777.61"
"Total Income per Person","2000","Southern","Euro","16431.28"
"Total Income per Person","2000","Eastern & Midland","Euro","19445.58"
"Total Income per Person","2001","Ireland","Euro","19486.74"
"Total Income per Person","2001","Northern & Western","Euro","16412.1"
"Total Income per Person","2001","Southern","Euro","18233.01"
"Total Income per Person","2001","Eastern & Midland","Euro","21570.05"
"Total Income per Person","2002","Ireland","Euro","20201.62"
"Total Income per Person","2002","Northern & Western","Euro","16913.99"
"Total Income per Person","2002","Southern","Euro","18923.08"
"Total Income per Person","2002","Eastern & Midland","Euro","22378.83"
"Total Income per Person","2003","Ireland","Euro","21468.5"
"Total Income per Person","2003","Northern & Western","Euro","17889.31"
"Total Income per Person","2003","Southern","Euro","20345.25"
"Total Income per Person","2003","Eastern & Midland","Euro","23644.96"
"Total Income per Person","2004","Ireland","Euro","22906.81"
"Total Income per Person","2004","Northern & Western","Euro","19013.68"
"Total Income per Person","2004","Southern","Euro","21903.3"
"Total Income per Person","2004","Eastern & Midland","Euro","25122.14"
"Total Income per Person","2005","Ireland","Euro","24718.4"
"Total Income per Person","2005","Northern & Western","Euro","20386.71"
"Total Income per Person","2005","Southern","Euro","23859.66"
"Total Income per Person","2005","Eastern & Midland","Euro","26988.35"
"Total Income per Person","2006","Ireland","Euro","26071.06"
"Total Income per Person","2006","Northern & Western","Euro","21516.59"
"Total Income per Person","2006","Southern","Euro","25135.65"
"Total Income per Person","2006","Eastern & Midland","Euro","28467.1"
"Total Income per Person","2007","Ireland","Euro","27740.24"
"Total Income per Person","2007","Northern & Western","Euro","23315.21"
"Total Income per Person","2007","Southern","Euro","26758.41"
"Total Income per Person","2007","Eastern & Midland","Euro","30100.27"
"Total Income per Person","2008","Ireland","Euro","28277.94"
"Total Income per Person","2008","Northern & Western","Euro","23787.02"
"Total Income per Person","2008","Southern","Euro","27237.84"
"Total Income per Person","2008","Eastern & Midland","Euro","30701.28"
"Total Income per Person","2009","Ireland","Euro","26613.46"
"Total Income per Person","2009","Northern & Western","Euro","23153.24"
"Total Income per Person","2009","Southern","Euro","25753.1"
"Total Income per Person","2009","Eastern & Midland","Euro","28528.5"
"Total Income per Person","2010","Ireland","Euro","25325.41"
"Total Income per Person","2010","Northern & Western","Euro","21890.58"
"Total Income per Person","2010","Southern","Euro","24572.43"
"Total Income per Person","2010","Eastern & Midland","Euro","27156.63"
"Total Income per Person","2011","Ireland","Euro","25439.43"
"Total Income per Person","2011","Northern & Western","Euro","22381.01"
"Total Income per Person","2011","Southern","Euro","24747.54"
"Total Income per Person","2011","Eastern & Midland","Euro","27081.22"
"Total Income per Person","2012","Ireland","Euro","26204.85"
"Total Income per Person","2012","Northern & Western","Euro","22871"
"Total Income per Person","2012","Southern","Euro","25620.99"
"Total Income per Person","2012","Eastern & Midland","Euro","27875.66"
"Total Income per Person","2013","Ireland","Euro","26058.16"
"Total Income per Person","2013","Northern & Western","Euro","22711.14"
"Total Income per Person","2013","Southern","Euro","25299.53"
"Total Income per Person","2013","Eastern & Midland","Euro","27855.89"
"Total Income per Person","2014","Ireland","Euro","26699.73"
"Total Income per Person","2014","Northern & Western","Euro","23245.72"
"Total Income per Person","2014","Southern","Euro","25901.6"
"Total Income per Person","2014","Eastern & Midland","Euro","28565.55"
"Total Income per Person","2015","Ireland","Euro","27982.73"
"Total Income per Person","2015","Northern & Western","Euro","24132.76"
"Total Income per Person","2015","Southern","Euro","26986.48"
"Total Income per Person","2015","Eastern & Midland","Euro","30136.85"
"Total Income per Person","2016","Ireland","Euro","28809.18"
"Total Income per Person","2016","Northern & Western","Euro","24533.09"
"Total Income per Person","2016","Southern","Euro","27549.46"
"Total Income per Person","2016","Eastern & Midland","Euro","31308.59"
"Total Income per Person","2017","Ireland","Euro","30289.59"
"Total Income per Person","2017","Northern & Western","Euro","25596.5"
"Total Income per Person","2017","Southern","Euro","28981.66"
"Total Income per Person","2017","Eastern & Midland","Euro","32980.67"
"Total Income per Person","2018","Ireland","Euro","31272.18"
"Total Income per Person","2018","Northern & Western","Euro","26404.37"
"Total Income per Person","2018","Southern","Euro","29595.71"
"Total Income per Person","2018","Eastern & Midland","Euro","34286.59"
"Total Income per Person","2019","Ireland","Euro","32978.01"
"Total Income per Person","2019","Northern & Western","Euro","28280.91"
"Total Income per Person","2019","Southern","Euro","31147.83"
"Total Income per Person","2019","Eastern & Midland","Euro","35937.18"
"Total Income per Person","2020","Ireland","Euro","33579.88"
"Total Income per Person","2020","Northern & Western","Euro","29432.13"
"Total Income per Person","2020","Southern","Euro","31779.95"
"Total Income per Person","2020","Eastern & Midland","Euro","36318.34"
"Total Income per Person","2021","Ireland","Euro","36162.62"
"Total Income per Person","2021","Northern & Western","Euro","30947.23"
"Total Income per Person","2021","Southern","Euro","33934.7"
"Total Income per Person","2021","Eastern & Midland","Euro","39566.12"
"Total Income per Person","2022","Ireland","Euro","38409.15"
"Total Income per Person","2022","Northern & Western","Euro","32923.65"
"Total Income per Person","2022","Southern","Euro","36128.09"
"Total Income per Person","2022","Eastern & Midland","Euro","41893.9"
"Total Income per Person","2023","Ireland","Euro","41327.93"
"Total Income per Person","2023","Northern & Western","Euro","35623"
"Total Income per Person","2023","Southern","Euro","38856.6"
"Total Income per Person","2023","Eastern & Midland","Euro","44963.4"
"Index of Total Income per Person","2000","Ireland","State=100","100"
"Index of Total Income per Person","2000","Northern & Western","State=100","84.15"
"Index of Total Income per Person","2000","Southern","State=100","93.57"
"Index of Total Income per Person","2000","Eastern & Midland","State=100","110.73"
"Index of Total Income per Person","2001","Ireland","State=100","100"
"Index of Total Income per Person","2001","Northern & Western","State=100","84.22"
"Index of Total Income per Person","2001","Southern","State=100","93.57"
"Index of Total Income per Person","2001","Eastern & Midland","State=100","110.69"
"Index of Total Income per Person","2002","Ireland","State=100","100"
"Index of Total Income per Person","2002","Northern & Western","State=100","83.73"
"Index of Total Income per Person","2002","Southern","State=100","93.67"
"Index of Total Income per Person","2002","Eastern & Midland","State=100","110.78"
"Index of Total Income per Person","2003","Ireland","State=100","100"
"Index of Total Income per Person","2003","Northern & Western","State=100","83.33"
"Index of Total Income per Person","2003","Southern","State=100","94.77"
"Index of Total Income per Person","2003","Eastern & Midland","State=100","110.14"
"Index of Total Income per Person","2004","Ireland","State=100","100"
"Index of Total Income per Person","2004","Northern & Western","State=100","83"
"Index of Total Income per Person","2004","Southern","State=100","95.62"
"Index of Total Income per Person","2004","Eastern & Midland","State=100","109.67"
"Index of Total Income per Person","2005","Ireland","State=100","100"
"Index of Total Income per Person","2005","Northern & Western","State=100","82.48"
"Index of Total Income per Person","2005","Southern","State=100","96.53"
"Index of Total Income per Person","2005","Eastern & Midland","State=100","109.18"
"Index of Total Income per Person","2006","Ireland","State=100","100"
"Index of Total Income per Person","2006","Northern & Western","State=100","82.53"
"Index of Total Income per Person","2006","Southern","State=100","96.41"
"Index of Total Income per Person","2006","Eastern & Midland","State=100","109.19"
"Index of Total Income per Person","2007","Ireland","State=100","100"
"Index of Total Income per Person","2007","Northern & Western","State=100","84.05"
"Index of Total Income per Person","2007","Southern","State=100","96.46"
"Index of Total Income per Person","2007","Eastern & Midland","State=100","108.51"
"Index of Total Income per Person","2008","Ireland","State=100","100"
"Index of Total Income per Person","2008","Northern & Western","State=100","84.12"
"Index of Total Income per Person","2008","Southern","State=100","96.32"
"Index of Total Income per Person","2008","Eastern & Midland","State=100","108.57"
"Index of Total Income per Person","2009","Ireland","State=100","100"
"Index of Total Income per Person","2009","Northern & Western","State=100","87"
"Index of Total Income per Person","2009","Southern","State=100","96.77"
"Index of Total Income per Person","2009","Eastern & Midland","State=100","107.2"
"Index of Total Income per Person","2010","Ireland","State=100","100"
"Index of Total Income per Person","2010","Northern & Western","State=100","86.44"
"Index of Total Income per Person","2010","Southern","State=100","97.03"
"Index of Total Income per Person","2010","Eastern & Midland","State=100","107.23"
"Index of Total Income per Person","2011","Ireland","State=100","100"
"Index of Total Income per Person","2011","Northern & Western","State=100","87.98"
"Index of Total Income per Person","2011","Southern","State=100","97.28"
"Index of Total Income per Person","2011","Eastern & Midland","State=100","106.45"
"Index of Total Income per Person","2012","Ireland","State=100","100"
"Index of Total Income per Person","2012","Northern & Western","State=100","87.28"
"Index of Total Income per Person","2012","Southern","State=100","97.77"
"Index of Total Income per Person","2012","Eastern & Midland","State=100","106.38"
"Index of Total Income per Person","2013","Ireland","State=100","100"
"Index of Total Income per Person","2013","Northern & Western","State=100","87.16"
"Index of Total Income per Person","2013","Southern","State=100","97.09"
"Index of Total Income per Person","2013","Eastern & Midland","State=100","106.9"
"Index of Total Income per Person","2014","Ireland","State=100","100"
"Index of Total Income per Person","2014","Northern & Western","State=100","87.06"
"Index of Total Income per Person","2014","Southern","State=100","97.01"
"Index of Total Income per Person","2014","Eastern & Midland","State=100","106.99"
"Index of Total Income per Person","2015","Ireland","State=100","100"
"Index of Total Income per Person","2015","Northern & Western","State=100","86.24"
"Index of Total Income per Person","2015","Southern","State=100","96.44"
"Index of Total Income per Person","2015","Eastern & Midland","State=100","107.7"
"Index of Total Income per Person","2016","Ireland","State=100","100"
"Index of Total Income per Person","2016","Northern & Western","State=100","85.16"
"Index of Total Income per Person","2016","Southern","State=100","95.63"
"Index of Total Income per Person","2016","Eastern & Midland","State=100","108.68"
"Index of Total Income per Person","2017","Ireland","State=100","100"
"Index of Total Income per Person","2017","Northern & Western","State=100","84.51"
"Index of Total Income per Person","2017","Southern","State=100","95.68"
"Index of Total Income per Person","2017","Eastern & Midland","State=100","108.88"
"Index of Total Income per Person","2018","Ireland","State=100","100"
"Index of Total Income per Person","2018","Northern & Western","State=100","84.43"
"Index of Total Income per Person","2018","Southern","State=100","94.64"
"Index of Total Income per Person","2018","Eastern & Midland","State=100","109.64"
"Index of Total Income per Person","2019","Ireland","State=100","100"
"Index of Total Income per Person","2019","Northern & Western","State=100","85.76"
"Index of Total Income per Person","2019","Southern","State=100","94.45"
"Index of Total Income per Person","2019","Eastern & Midland","State=100","108.97"
"Index of Total Income per Person","2020","Ireland","State=100","100"
"Index of Total Income per Person","2020","Northern & Western","State=100","87.65"
"Index of Total Income per Person","2020","Southern","State=100","94.64"
"Index of Total Income per Person","2020","Eastern & Midland","State=100","108.16"
"Index of Total Income per Person","2021","Ireland","State=100","100"
"Index of Total Income per Person","2021","Northern & Western","State=100","85.58"
"Index of Total Income per Person","2021","Southern","State=100","93.84"
"Index of Total Income per Person","2021","Eastern & Midland","State=100","109.41"
"Index of Total Income per Person","2022","Ireland","State=100","100"
"Index of Total Income per Person","2022","Northern & Western","State=100","85.72"
"Index of Total Income per Person","2022","Southern","State=100","94.06"
"Index of Total Income per Person","2022","Eastern & Midland","State=100","109.07"
"Index of Total Income per Person","2023","Ireland","State=100","100"
"Index of Total Income per Person","2023","Northern & Western","State=100","86.2"
"Index of Total Income per Person","2023","Southern","State=100","94.02"
"Index of Total Income per Person","2023","Eastern & Midland","State=100","108.8"
"Current Taxes on Income","2000","Ireland","Euro Million","19066.96"
"Current Taxes on Income","2000","Northern & Western","Euro Million","2240.21"
"Current Taxes on Income","2000","Southern","Euro Million","4965.02"
"Current Taxes on Income","2000","Eastern & Midland","Euro Million","11861.73"
"Current Taxes on Income","2001","Ireland","Euro Million","20406.51"
"Current Taxes on Income","2001","Northern & Western","Euro Million","2368.28"
"Current Taxes on Income","2001","Southern","Euro Million","5242.86"
"Current Taxes on Income","2001","Eastern & Midland","Euro Million","12795.37"
"Current Taxes on Income","2002","Ireland","Euro Million","20561.66"
"Current Taxes on Income","2002","Northern & Western","Euro Million","2313.54"
"Current Taxes on Income","2002","Southern","Euro Million","4984.61"
"Current Taxes on Income","2002","Eastern & Midland","Euro Million","13263.51"
"Current Taxes on Income","2003","Ireland","Euro Million","22676.77"
"Current Taxes on Income","2003","Northern & Western","Euro Million","2586.18"
"Current Taxes on Income","2003","Southern","Euro Million","5666.43"
"Current Taxes on Income","2003","Eastern & Midland","Euro Million","14424.17"
"Current Taxes on Income","2004","Ireland","Euro Million","25688.4"
"Current Taxes on Income","2004","Northern & Western","Euro Million","3008.77"
"Current Taxes on Income","2004","Southern","Euro Million","6572.26"
"Current Taxes on Income","2004","Eastern & Midland","Euro Million","16107.38"
"Current Taxes on Income","2005","Ireland","Euro Million","29012.53"
"Current Taxes on Income","2005","Northern & Western","Euro Million","3548.95"
"Current Taxes on Income","2005","Southern","Euro Million","7696.2"
"Current Taxes on Income","2005","Eastern & Midland","Euro Million","17767.38"
"Current Taxes on Income","2006","Ireland","Euro Million","32379.8"
"Current Taxes on Income","2006","Northern & Western","Euro Million","3792.71"
"Current Taxes on Income","2006","Southern","Euro Million","8490.05"
"Current Taxes on Income","2006","Eastern & Midland","Euro Million","20097.04"
"Current Taxes on Income","2007","Ireland","Euro Million","35753.85"
"Current Taxes on Income","2007","Northern & Western","Euro Million","4399.74"
"Current Taxes on Income","2007","Southern","Euro Million","9554.1"
"Current Taxes on Income","2007","Eastern & Midland","Euro Million","21800.01"
"Current Taxes on Income","2008","Ireland","Euro Million","33736.52"
"Current Taxes on Income","2008","Northern & Western","Euro Million","4006.85"
"Current Taxes on Income","2008","Southern","Euro Million","8613.34"
"Current Taxes on Income","2008","Eastern & Midland","Euro Million","21116.34"
"Current Taxes on Income","2009","Ireland","Euro Million","33112.36"
"Current Taxes on Income","2009","Northern & Western","Euro Million","4018.22"
"Current Taxes on Income","2009","Southern","Euro Million","8600.75"
"Current Taxes on Income","2009","Eastern & Midland","Euro Million","20493.39"
"Current Taxes on Income","2010","Ireland","Euro Million","32974.27"
"Current Taxes on Income","2010","Northern & Western","Euro Million","4006.57"
"Current Taxes on Income","2010","Southern","Euro Million","8812.4"
"Current Taxes on Income","2010","Eastern & Midland","Euro Million","20155.3"
"Current Taxes on Income","2011","Ireland","Euro Million","34597.43"
"Current Taxes on Income","2011","Northern & Western","Euro Million","4393.9"
"Current Taxes on Income","2011","Southern","Euro Million","9513.27"
"Current Taxes on Income","2011","Eastern & Midland","Euro Million","20690.26"
"Current Taxes on Income","2012","Ireland","Euro Million","36418.8"
"Current Taxes on Income","2012","Northern & Western","Euro Million","4493.54"
"Current Taxes on Income","2012","Southern","Euro Million","9977.43"
"Current Taxes on Income","2012","Eastern & Midland","Euro Million","21947.83"
"Current Taxes on Income","2013","Ireland","Euro Million","36784.8"
"Current Taxes on Income","2013","Northern & Western","Euro Million","4549.03"
"Current Taxes on Income","2013","Southern","Euro Million","10038.46"
"Current Taxes on Income","2013","Eastern & Midland","Euro Million","22197.31"
"Current Taxes on Income","2014","Ireland","Euro Million","39320.23"
"Current Taxes on Income","2014","Northern & Western","Euro Million","4886.56"
"Current Taxes on Income","2014","Southern","Euro Million","10797.52"
"Current Taxes on Income","2014","Eastern & Midland","Euro Million","23636.15"
"Current Taxes on Income","2015","Ireland","Euro Million","41439.6"
"Current Taxes on Income","2015","Northern & Western","Euro Million","5135.14"
"Current Taxes on Income","2015","Southern","Euro Million","11297.83"
"Current Taxes on Income","2015","Eastern & Midland","Euro Million","25006.63"
"Current Taxes on Income","2016","Ireland","Euro Million","42360.93"
"Current Taxes on Income","2016","Northern & Western","Euro Million","5301.59"
"Current Taxes on Income","2016","Southern","Euro Million","11535.84"
"Current Taxes on Income","2016","Eastern & Midland","Euro Million","25523.5"
"Current Taxes on Income","2017","Ireland","Euro Million","45199.51"
"Current Taxes on Income","2017","Northern & Western","Euro Million","5638.88"
"Current Taxes on Income","2017","Southern","Euro Million","12301.62"
"Current Taxes on Income","2017","Eastern & Midland","Euro Million","27259.01"
"Current Taxes on Income","2018","Ireland","Euro Million","47885.88"
"Current Taxes on Income","2018","Northern & Western","Euro Million","5994.4"
"Current Taxes on Income","2018","Southern","Euro Million","13145.78"
"Current Taxes on Income","2018","Eastern & Midland","Euro Million","28745.7"
"Current Taxes on Income","2019","Ireland","Euro Million","50976.97"
"Current Taxes on Income","2019","Northern & Western","Euro Million","6344.49"
"Current Taxes on Income","2019","Southern","Euro Million","13970.73"
"Current Taxes on Income","2019","Eastern & Midland","Euro Million","30661.75"
"Current Taxes on Income","2020","Ireland","Euro Million","50002.31"
"Current Taxes on Income","2020","Northern & Western","Euro Million","6254.01"
"Current Taxes on Income","2020","Southern","Euro Million","13914.3"
"Current Taxes on Income","2020","Eastern & Midland","Euro Million","29834"
"Current Taxes on Income","2021","Ireland","Euro Million","59167.37"
"Current Taxes on Income","2021","Northern & Western","Euro Million","7535.73"
"Current Taxes on Income","2021","Southern","Euro Million","16357.39"
"Current Taxes on Income","2021","Eastern & Midland","Euro Million","35274.24"
"Current Taxes on Income","2022","Ireland","Euro Million","64652.15"
"Current Taxes on Income","2022","Northern & Western","Euro Million","8282.61"
"Current Taxes on Income","2022","Southern","Euro Million","17658.85"
"Current Taxes on Income","2022","Eastern & Midland","Euro Million","38710.68"
"Current Taxes on Income","2023","Ireland","Euro Million","68621.27"
"Current Taxes on Income","2023","Northern & Western","Euro Million","8642.66"
"Current Taxes on Income","2023","Southern","Euro Million","18497.99"
"Current Taxes on Income","2023","Eastern & Midland","Euro Million","41480.62"
"Disposable Household Income","2000","Ireland","Euro Million","47739.92"
"Disposable Household Income","2000","Northern & Western","Euro Million","7965.59"
"Disposable Household Income","2000","Southern","Euro Million","16540.78"
"Disposable Household Income","2000","Eastern & Midland","Euro Million","23233.55"
"Disposable Household Income","2001","Ireland","Euro Million","54886.24"
"Disposable Household Income","2001","Northern & Western","Euro Million","9126.78"
"Disposable Household Income","2001","Southern","Euro Million","18999.39"
"Disposable Household Income","2001","Eastern & Midland","Euro Million","26760.07"
"Disposable Household Income","2002","Ireland","Euro Million","58868.09"
"Disposable Household Income","2002","Northern & Western","Euro Million","9757.44"
"Disposable Household Income","2002","Southern","Euro Million","20534.81"
"Disposable Household Income","2002","Eastern & Midland","Euro Million","28575.84"
"Disposable Household Income","2003","Ireland","Euro Million","63132.72"
"Disposable Household Income","2003","Northern & Western","Euro Million","10433.54"
"Disposable Household Income","2003","Southern","Euro Million","22143.37"
"Disposable Household Income","2003","Eastern & Midland","Euro Million","30555.8"
"Disposable Household Income","2004","Ireland","Euro Million","67481.53"
"Disposable Household Income","2004","Northern & Western","Euro Million","11108.73"
"Disposable Household Income","2004","Southern","Euro Million","23879.06"
"Disposable Household Income","2004","Eastern & Midland","Euro Million","32493.73"
"Disposable Household Income","2005","Ireland","Euro Million","73816.23"
"Disposable Household Income","2005","Northern & Western","Euro Million","11907.2"
"Disposable Household Income","2005","Southern","Euro Million","26148.18"
"Disposable Household Income","2005","Eastern & Midland","Euro Million","35760.85"
"Disposable Household Income","2006","Ireland","Euro Million","78939.02"
"Disposable Household Income","2006","Northern & Western","Euro Million","12910.91"
"Disposable Household Income","2006","Southern","Euro Million","27988.93"
"Disposable Household Income","2006","Eastern & Midland","Euro Million","38039.18"
"Disposable Household Income","2007","Ireland","Euro Million","86308.3"
"Disposable Household Income","2007","Northern & Western","Euro Million","14167.54"
"Disposable Household Income","2007","Southern","Euro Million","30330.79"
"Disposable Household Income","2007","Eastern & Midland","Euro Million","41809.97"
"Disposable Household Income","2008","Ireland","Euro Million","93401.98"
"Disposable Household Income","2008","Northern & Western","Euro Million","15356.2"
"Disposable Household Income","2008","Southern","Euro Million","32809.13"
"Disposable Household Income","2008","Eastern & Midland","Euro Million","45236.65"
"Disposable Household Income","2009","Ireland","Euro Million","87690.36"
"Disposable Household Income","2009","Northern & Western","Euro Million","15088.5"
"Disposable Household Income","2009","Southern","Euro Million","30898.89"
"Disposable Household Income","2009","Eastern & Midland","Euro Million","41702.97"
"Disposable Household Income","2010","Ireland","Euro Million","82503.76"
"Disposable Household Income","2010","Northern & Western","Euro Million","14176.61"
"Disposable Household Income","2010","Southern","Euro Million","28991.72"
"Disposable Household Income","2010","Eastern & Midland","Euro Million","39335.43"
"Disposable Household Income","2011","Ireland","Euro Million","81878.09"
"Disposable Household Income","2011","Northern & Western","Euro Million","14307.18"
"Disposable Household Income","2011","Southern","Euro Million","28552.84"
"Disposable Household Income","2011","Eastern & Midland","Euro Million","39018.07"
"Disposable Household Income","2012","Ireland","Euro Million","84056.43"
"Disposable Household Income","2012","Northern & Western","Euro Million","14695.84"
"Disposable Household Income","2012","Southern","Euro Million","29594.85"
"Disposable Household Income","2012","Eastern & Midland","Euro Million","39765.74"
"Disposable Household Income","2013","Ireland","Euro Million","83605"
"Disposable Household Income","2013","Northern & Western","Euro Million","14599.91"
"Disposable Household Income","2013","Southern","Euro Million","29229.41"
"Disposable Household Income","2013","Eastern & Midland","Euro Million","39775.68"
"Disposable Household Income","2014","Ireland","Euro Million","84899.19"
"Disposable Household Income","2014","Northern & Western","Euro Million","14850.63"
"Disposable Household Income","2014","Southern","Euro Million","29686.95"
"Disposable Household Income","2014","Eastern & Midland","Euro Million","40361.61"
"Disposable Household Income","2015","Ireland","Euro Million","89960.96"
"Disposable Household Income","2015","Northern & Western","Euro Million","15545.97"
"Disposable Household Income","2015","Southern","Euro Million","31275"
"Disposable Household Income","2015","Eastern & Midland","Euro Million","43140"
"Disposable Household Income","2016","Ireland","Euro Million","94553.66"
"Disposable Household Income","2016","Northern & Western","Euro Million","15976.41"
"Disposable Household Income","2016","Southern","Euro Million","32449.82"
"Disposable Household Income","2016","Eastern & Midland","Euro Million","46127.43"
"Disposable Household Income","2017","Ireland","Euro Million","100829.1"
"Disposable Household Income","2017","Northern & Western","Euro Million","16881.98"
"Disposable Household Income","2017","Southern","Euro Million","34638.79"
"Disposable Household Income","2017","Eastern & Midland","Euro Million","49308.34"
"Disposable Household Income","2018","Ireland","Euro Million","105047.79"
"Disposable Household Income","2018","Northern & Western","Euro Million","17571.3"
"Disposable Household Income","2018","Southern","Euro Million","35478.46"
"Disposable Household Income","2018","Eastern & Midland","Euro Million","51998.03"
"Disposable Household Income","2019","Ireland","Euro Million","112840"
"Disposable Household Income","2019","Northern & Western","Euro Million","18660.02"
"Disposable Household Income","2019","Southern","Euro Million","37604.48"
"Disposable Household Income","2019","Eastern & Midland","Euro Million","56575.51"
"Disposable Household Income","2020","Ireland","Euro Million","119053.26"
"Disposable Household Income","2020","Northern & Western","Euro Million","20119.16"
"Disposable Household Income","2020","Southern","Euro Million","39417.01"
"Disposable Household Income","2020","Eastern & Midland","Euro Million","59517.09"
"Disposable Household Income","2021","Ireland","Euro Million","124967.2"
"Disposable Household Income","2021","Northern & Western","Euro Million","20427.84"
"Disposable Household Income","2021","Southern","Euro Million","41143.25"
"Disposable Household Income","2021","Eastern & Midland","Euro Million","63396.11"
"Disposable Household Income","2022","Ireland","Euro Million","135065.68"
"Disposable Household Income","2022","Northern & Western","Euro Million","21820.73"
"Disposable Household Income","2022","Southern","Euro Million","44486.32"
"Disposable Household Income","2022","Eastern & Midland","Euro Million","68758.63"
"Disposable Household Income","2023","Ireland","Euro Million","150245.9"
"Disposable Household Income","2023","Northern & Western","Euro Million","24225.73"
"Disposable Household Income","2023","Southern","Euro Million","49169.72"
"Disposable Household Income","2023","Eastern & Midland","Euro Million","76850.45"
"Disposable Income per Person","2000","Ireland","Euro","12549.09"
"Disposable Income per Person","2000","Northern & Western","Euro","11533.87"
"Disposable Income per Person","2000","Southern","Euro","12637.81"
"Disposable Income per Person","2000","Eastern & Midland","Euro","12873.23"
"Disposable Income per Person","2001","Ireland","Euro","14205.27"
"Disposable Income per Person","2001","Northern & Western","Euro","13030.78"
"Disposable Income per Person","2001","Southern","Euro","14289.76"
"Disposable Income per Person","2001","Eastern & Midland","Euro","14592.59"
"Disposable Income per Person","2002","Ireland","Euro","14972.11"
"Disposable Income per Person","2002","Northern & Western","Euro","13672.23"
"Disposable Income per Person","2002","Southern","Euro","15226.91"
"Disposable Income per Person","2002","Eastern & Midland","Euro","15284.51"
"Disposable Income per Person","2003","Ireland","Euro","15795.05"
"Disposable Income per Person","2003","Northern & Western","Euro","14335.86"
"Disposable Income per Person","2003","Southern","Euro","16199.77"
"Disposable Income per Person","2003","Eastern & Midland","Euro","16062.5"
"Disposable Income per Person","2004","Ireland","Euro","16591.05"
"Disposable Income per Person","2004","Northern & Western","Euro","14961.42"
"Disposable Income per Person","2004","Southern","Euro","17175.95"
"Disposable Income per Person","2004","Eastern & Midland","Euro","16796.16"
"Disposable Income per Person","2005","Ireland","Euro","17744.25"
"Disposable Income per Person","2005","Northern & Western","Euro","15705.64"
"Disposable Income per Person","2005","Southern","Euro","18433.98"
"Disposable Income per Person","2005","Eastern & Midland","Euro","18030.23"
"Disposable Income per Person","2006","Ireland","Euro","18487.66"
"Disposable Income per Person","2006","Northern & Western","Euro","16631.05"
"Disposable Income per Person","2006","Southern","Euro","19285.62"
"Disposable Income per Person","2006","Eastern & Midland","Euro","18626.35"
"Disposable Income per Person","2007","Ireland","Euro","19614.7"
"Disposable Income per Person","2007","Northern & Western","Euro","17790.39"
"Disposable Income per Person","2007","Southern","Euro","20348.65"
"Disposable Income per Person","2007","Eastern & Midland","Euro","19784.49"
"Disposable Income per Person","2008","Ireland","Euro","20774.31"
"Disposable Income per Person","2008","Northern & Western","Euro","18864.71"
"Disposable Income per Person","2008","Southern","Euro","21574.03"
"Disposable Income per Person","2008","Eastern & Midland","Euro","20930.83"
"Disposable Income per Person","2009","Ireland","Euro","19318.64"
"Disposable Income per Person","2009","Northern & Western","Euro","18284.02"
"Disposable Income per Person","2009","Southern","Euro","20145.56"
"Disposable Income per Person","2009","Eastern & Midland","Euro","19128.5"
"Disposable Income per Person","2010","Ireland","Euro","18093.85"
"Disposable Income per Person","2010","Northern & Western","Euro","17067.1"
"Disposable Income per Person","2010","Southern","Euro","18844.43"
"Disposable Income per Person","2010","Eastern & Midland","Euro","17956.04"
"Disposable Income per Person","2011","Ireland","Euro","17883"
"Disposable Income per Person","2011","Northern & Western","Euro","17122.5"
"Disposable Income per Person","2011","Southern","Euro","18562.77"
"Disposable Income per Person","2011","Eastern & Midland","Euro","17696.97"
"Disposable Income per Person","2012","Ireland","Euro","18283.31"
"Disposable Income per Person","2012","Northern & Western","Euro","17515.35"
"Disposable Income per Person","2012","Southern","Euro","19161.13"
"Disposable Income per Person","2012","Eastern & Midland","Euro","17961.95"
"Disposable Income per Person","2013","Ireland","Euro","18096.16"
"Disposable Income per Person","2013","Northern & Western","Euro","17315.87"
"Disposable Income per Person","2013","Southern","Euro","18831.94"
"Disposable Income per Person","2013","Eastern & Midland","Euro","17878.55"
"Disposable Income per Person","2014","Ireland","Euro","18248.23"
"Disposable Income per Person","2014","Northern & Western","Euro","17490.51"
"Disposable Income per Person","2014","Southern","Euro","18993.45"
"Disposable Income per Person","2014","Eastern & Midland","Euro","18015.5"
"Disposable Income per Person","2015","Ireland","Euro","19157.86"
"Disposable Income per Person","2015","Northern & Western","Euro","18140.57"
"Disposable Income per Person","2015","Southern","Euro","19824.9"
"Disposable Income per Person","2015","Eastern & Midland","Euro","19078.03"
"Disposable Income per Person","2016","Ireland","Euro","19895.71"
"Disposable Income per Person","2016","Northern & Western","Euro","18420.47"
"Disposable Income per Person","2016","Southern","Euro","20324.24"
"Disposable Income per Person","2016","Eastern & Midland","Euro","20155.84"
"Disposable Income per Person","2017","Ireland","Euro","20914.2"
"Disposable Income per Person","2017","Northern & Western","Euro","19187.53"
"Disposable Income per Person","2017","Southern","Euro","21386.47"
"Disposable Income per Person","2017","Eastern & Midland","Euro","21239.11"
"Disposable Income per Person","2018","Ireland","Euro","21480.38"
"Disposable Income per Person","2018","Northern & Western","Euro","19687.9"
"Disposable Income per Person","2018","Southern","Euro","21594.38"
"Disposable Income per Person","2018","Eastern & Midland","Euro","22080.17"
"Disposable Income per Person","2019","Ireland","Euro","22715.83"
"Disposable Income per Person","2019","Northern & Western","Euro","21105.08"
"Disposable Income per Person","2019","Southern","Euro","22710.48"
"Disposable Income per Person","2019","Eastern & Midland","Euro","23306.14"
"Disposable Income per Person","2020","Ireland","Euro","23647.81"
"Disposable Income per Person","2020","Northern & Western","Euro","22452.73"
"Disposable Income per Person","2020","Southern","Euro","23488.46"
"Disposable Income per Person","2020","Eastern & Midland","Euro","24191.78"
"Disposable Income per Person","2021","Ireland","Euro","24542.6"
"Disposable Income per Person","2021","Northern & Western","Euro","22607.45"
"Disposable Income per Person","2021","Southern","Euro","24281.19"
"Disposable Income per Person","2021","Eastern & Midland","Euro","25421.39"
"Disposable Income per Person","2022","Ireland","Euro","25975.44"
"Disposable Income per Person","2022","Northern & Western","Euro","23865.06"
"Disposable Income per Person","2022","Southern","Euro","25862.12"
"Disposable Income per Person","2022","Eastern & Midland","Euro","26803.62"
"Disposable Income per Person","2023","Ireland","Euro","28370.41"
"Disposable Income per Person","2023","Northern & Western","Euro","26256.02"
"Disposable Income per Person","2023","Southern","Euro","28234.57"
"Disposable Income per Person","2023","Eastern & Midland","Euro","29201.61"
"Index of Disposable Income per Person","2000","Ireland","State=100","100"
"Index of Disposable Income per Person","2000","Northern & Western","State=100","91.91"
"Index of Disposable Income per Person","2000","Southern","State=100","100.71"
"Index of Disposable Income per Person","2000","Eastern & Midland","State=100","102.58"
"Index of Disposable Income per Person","2001","Ireland","State=100","100"
"Index of Disposable Income per Person","2001","Northern & Western","State=100","91.73"
"Index of Disposable Income per Person","2001","Southern","State=100","100.59"
"Index of Disposable Income per Person","2001","Eastern & Midland","State=100","102.73"
"Index of Disposable Income per Person","2002","Ireland","State=100","100"
"Index of Disposable Income per Person","2002","Northern & Western","State=100","91.32"
"Index of Disposable Income per Person","2002","Southern","State=100","101.7"
"Index of Disposable Income per Person","2002","Eastern & Midland","State=100","102.09"
"Index of Disposable Income per Person","2003","Ireland","State=100","100"
"Index of Disposable Income per Person","2003","Northern & Western","State=100","90.76"
"Index of Disposable Income per Person","2003","Southern","State=100","102.56"
"Index of Disposable Income per Person","2003","Eastern & Midland","State=100","101.69"
"Index of Disposable Income per Person","2004","Ireland","State=100","100"
"Index of Disposable Income per Person","2004","Northern & Western","State=100","90.18"
"Index of Disposable Income per Person","2004","Southern","State=100","103.53"
"Index of Disposable Income per Person","2004","Eastern & Midland","State=100","101.24"
"Index of Disposable Income per Person","2005","Ireland","State=100","100"
"Index of Disposable Income per Person","2005","Northern & Western","State=100","88.51"
"Index of Disposable Income per Person","2005","Southern","State=100","103.89"
"Index of Disposable Income per Person","2005","Eastern & Midland","State=100","101.61"
"Index of Disposable Income per Person","2006","Ireland","State=100","100"
"Index of Disposable Income per Person","2006","Northern & Western","State=100","89.96"
"Index of Disposable Income per Person","2006","Southern","State=100","104.32"
"Index of Disposable Income per Person","2006","Eastern & Midland","State=100","100.75"
"Index of Disposable Income per Person","2007","Ireland","State=100","100"
"Index of Disposable Income per Person","2007","Northern & Western","State=100","90.7"
"Index of Disposable Income per Person","2007","Southern","State=100","103.74"
"Index of Disposable Income per Person","2007","Eastern & Midland","State=100","100.87"
"Index of Disposable Income per Person","2008","Ireland","State=100","100"
"Index of Disposable Income per Person","2008","Northern & Western","State=100","90.81"
"Index of Disposable Income per Person","2008","Southern","State=100","103.85"
"Index of Disposable Income per Person","2008","Eastern & Midland","State=100","100.75"
"Index of Disposable Income per Person","2009","Ireland","State=100","100"
"Index of Disposable Income per Person","2009","Northern & Western","State=100","94.64"
"Index of Disposable Income per Person","2009","Southern","State=100","104.28"
"Index of Disposable Income per Person","2009","Eastern & Midland","State=100","99.02"
"Index of Disposable Income per Person","2010","Ireland","State=100","100"
"Index of Disposable Income per Person","2010","Northern & Western","State=100","94.33"
"Index of Disposable Income per Person","2010","Southern","State=100","104.15"
"Index of Disposable Income per Person","2010","Eastern & Midland","State=100","99.24"
"Index of Disposable Income per Person","2011","Ireland","State=100","100"
"Index of Disposable Income per Person","2011","Northern & Western","State=100","95.75"
"Index of Disposable Income per Person","2011","Southern","State=100","103.8"
"Index of Disposable Income per Person","2011","Eastern & Midland","State=100","98.96"
"Index of Disposable Income per Person","2012","Ireland","State=100","100"
"Index of Disposable Income per Person","2012","Northern & Western","State=100","95.8"
"Index of Disposable Income per Person","2012","Southern","State=100","104.8"
"Index of Disposable Income per Person","2012","Eastern & Midland","State=100","98.24"
"Index of Disposable Income per Person","2013","Ireland","State=100","100"
"Index of Disposable Income per Person","2013","Northern & Western","State=100","95.69"
"Index of Disposable Income per Person","2013","Southern","State=100","104.07"
"Index of Disposable Income per Person","2013","Eastern & Midland","State=100","98.8"
"Index of Disposable Income per Person","2014","Ireland","State=100","100"
"Index of Disposable Income per Person","2014","Northern & Western","State=100","95.85"
"Index of Disposable Income per Person","2014","Southern","State=100","104.08"
"Index of Disposable Income per Person","2014","Eastern & Midland","State=100","98.72"
"Index of Disposable Income per Person","2015","Ireland","State=100","100"
"Index of Disposable Income per Person","2015","Northern & Western","State=100","94.69"
"Index of Disposable Income per Person","2015","Southern","State=100","103.48"
"Index of Disposable Income per Person","2015","Eastern & Midland","State=100","99.58"
"Index of Disposable Income per Person","2016","Ireland","State=100","100"
"Index of Disposable Income per Person","2016","Northern & Western","State=100","92.59"
"Index of Disposable Income per Person","2016","Southern","State=100","102.15"
"Index of Disposable Income per Person","2016","Eastern & Midland","State=100","101.31"
"Index of Disposable Income per Person","2017","Ireland","State=100","100"
"Index of Disposable Income per Person","2017","Northern & Western","State=100","91.74"
"Index of Disposable Income per Person","2017","Southern","State=100","102.26"
"Index of Disposable Income per Person","2017","Eastern & Midland","State=100","101.55"
"Index of Disposable Income per Person","2018","Ireland","State=100","100"
"Index of Disposable Income per Person","2018","Northern & Western","State=100","91.66"
"Index of Disposable Income per Person","2018","Southern","State=100","100.53"
"Index of Disposable Income per Person","2018","Eastern & Midland","State=100","102.79"
"Index of Disposable Income per Person","2019","Ireland","State=100","100"
"Index of Disposable Income per Person","2019","Northern & Western","State=100","92.91"
"Index of Disposable Income per Person","2019","Southern","State=100","99.98"
"Index of Disposable Income per Person","2019","Eastern & Midland","State=100","102.6"
"Index of Disposable Income per Person","2020","Ireland","State=100","100"
"Index of Disposable Income per Person","2020","Northern & Western","State=100","94.95"
"Index of Disposable Income per Person","2020","Southern","State=100","99.33"
"Index of Disposable Income per Person","2020","Eastern & Midland","State=100","102.3"
"Index of Disposable Income per Person","2021","Ireland","State=100","100"
"Index of Disposable Income per Person","2021","Northern & Western","State=100","92.12"
"Index of Disposable Income per Person","2021","Southern","State=100","98.93"
"Index of Disposable Income per Person","2021","Eastern & Midland","State=100","103.58"
"Index of Disposable Income per Person","2022","Ireland","State=100","100"
"Index of Disposable Income per Person","2022","Northern & Western","State=100","91.88"
"Index of Disposable Income per Person","2022","Southern","State=100","99.56"
"Index of Disposable Income per Person","2022","Eastern & Midland","State=100","103.19"
"Index of Disposable Income per Person","2023","Ireland","State=100","100"
"Index of Disposable Income per Person","2023","Northern & Western","State=100","92.55"
"Index of Disposable Income per Person","2023","Southern","State=100","99.52"
"Index of Disposable Income per Person","2023","Eastern & Midland","State=100","102.93"
"Disposable Income per Person (excluding Rent)","2000","Ireland","Euro","11713.17"
"Disposable Income per Person (excluding Rent)","2000","Northern & Western","Euro","10874.85"
"Disposable Income per Person (excluding Rent)","2000","Southern","Euro","11948.36"
"Disposable Income per Person (excluding Rent)","2000","Eastern & Midland","Euro","11863.41"
"Disposable Income per Person (excluding Rent)","2001","Ireland","Euro","13206.5"
"Disposable Income per Person (excluding Rent)","2001","Northern & Western","Euro","12248.97"
"Disposable Income per Person (excluding Rent)","2001","Southern","Euro","13468.21"
"Disposable Income per Person (excluding Rent)","2001","Eastern & Midland","Euro","13382.46"
"Disposable Income per Person (excluding Rent)","2002","Ireland","Euro","13857.35"
"Disposable Income per Person (excluding Rent)","2002","Northern & Western","Euro","12808.07"
"Disposable Income per Person (excluding Rent)","2002","Southern","Euro","14309.92"
"Disposable Income per Person (excluding Rent)","2002","Eastern & Midland","Euro","13931.44"
"Disposable Income per Person (excluding Rent)","2003","Ireland","Euro","14756.8"
"Disposable Income per Person (excluding Rent)","2003","Northern & Western","Euro","13528.8"
"Disposable Income per Person (excluding Rent)","2003","Southern","Euro","15336.95"
"Disposable Income per Person (excluding Rent)","2003","Eastern & Midland","Euro","14809.74"
"Disposable Income per Person (excluding Rent)","2004","Ireland","Euro","15709.18"
"Disposable Income per Person (excluding Rent)","2004","Northern & Western","Euro","14274.2"
"Disposable Income per Person (excluding Rent)","2004","Southern","Euro","16437.89"
"Disposable Income per Person (excluding Rent)","2004","Eastern & Midland","Euro","15736.24"
"Disposable Income per Person (excluding Rent)","2005","Ireland","Euro","17007.87"
"Disposable Income per Person (excluding Rent)","2005","Northern & Western","Euro","15128.16"
"Disposable Income per Person (excluding Rent)","2005","Southern","Euro","17812.47"
"Disposable Income per Person (excluding Rent)","2005","Eastern & Midland","Euro","17150.96"
"Disposable Income per Person (excluding Rent)","2006","Ireland","Euro","17804.82"
"Disposable Income per Person (excluding Rent)","2006","Northern & Western","Euro","16090.41"
"Disposable Income per Person (excluding Rent)","2006","Southern","Euro","18702.67"
"Disposable Income per Person (excluding Rent)","2006","Eastern & Midland","Euro","17818.47"
"Disposable Income per Person (excluding Rent)","2007","Ireland","Euro","18542.21"
"Disposable Income per Person (excluding Rent)","2007","Northern & Western","Euro","16921.15"
"Disposable Income per Person (excluding Rent)","2007","Southern","Euro","19428.82"
"Disposable Income per Person (excluding Rent)","2007","Eastern & Midland","Euro","18527.73"
"Disposable Income per Person (excluding Rent)","2008","Ireland","Euro","19252.56"
"Disposable Income per Person (excluding Rent)","2008","Northern & Western","Euro","17617.57"
"Disposable Income per Person (excluding Rent)","2008","Southern","Euro","20253.25"
"Disposable Income per Person (excluding Rent)","2008","Eastern & Midland","Euro","19164.23"
"Disposable Income per Person (excluding Rent)","2009","Ireland","Euro","18322.86"
"Disposable Income per Person (excluding Rent)","2009","Northern & Western","Euro","17467.24"
"Disposable Income per Person (excluding Rent)","2009","Southern","Euro","19273.13"
"Disposable Income per Person (excluding Rent)","2009","Eastern & Midland","Euro","17978.2"
"Disposable Income per Person (excluding Rent)","2010","Ireland","Euro","16926.99"
"Disposable Income per Person (excluding Rent)","2010","Northern & Western","Euro","16110.72"
"Disposable Income per Person (excluding Rent)","2010","Southern","Euro","17813.74"
"Disposable Income per Person (excluding Rent)","2010","Eastern & Midland","Euro","16613.75"
"Disposable Income per Person (excluding Rent)","2011","Ireland","Euro","16680.36"
"Disposable Income per Person (excluding Rent)","2011","Northern & Western","Euro","16178.04"
"Disposable Income per Person (excluding Rent)","2011","Southern","Euro","17512.36"
"Disposable Income per Person (excluding Rent)","2011","Eastern & Midland","Euro","16290.29"
"Disposable Income per Person (excluding Rent)","2012","Ireland","Euro","17007.76"
"Disposable Income per Person (excluding Rent)","2012","Northern & Western","Euro","16474.04"
"Disposable Income per Person (excluding Rent)","2012","Southern","Euro","18025.32"
"Disposable Income per Person (excluding Rent)","2012","Eastern & Midland","Euro","16500.13"
"Disposable Income per Person (excluding Rent)","2013","Ireland","Euro","16797.58"
"Disposable Income per Person (excluding Rent)","2013","Northern & Western","Euro","16253.54"
"Disposable Income per Person (excluding Rent)","2013","Southern","Euro","17674.16"
"Disposable Income per Person (excluding Rent)","2013","Eastern & Midland","Euro","16392.21"
"Disposable Income per Person (excluding Rent)","2014","Ireland","Euro","16848.99"
"Disposable Income per Person (excluding Rent)","2014","Northern & Western","Euro","16345.64"
"Disposable Income per Person (excluding Rent)","2014","Southern","Euro","17747.02"
"Disposable Income per Person (excluding Rent)","2014","Eastern & Midland","Euro","16413.23"
"Disposable Income per Person (excluding Rent)","2015","Ireland","Euro","17603.23"
"Disposable Income per Person (excluding Rent)","2015","Northern & Western","Euro","16867.53"
"Disposable Income per Person (excluding Rent)","2015","Southern","Euro","18439.9"
"Disposable Income per Person (excluding Rent)","2015","Eastern & Midland","Euro","17298.34"
"Disposable Income per Person (excluding Rent)","2016","Ireland","Euro","18309.99"
"Disposable Income per Person (excluding Rent)","2016","Northern & Western","Euro","17266.91"
"Disposable Income per Person (excluding Rent)","2016","Southern","Euro","19006.69"
"Disposable Income per Person (excluding Rent)","2016","Eastern & Midland","Euro","18219.24"
"Disposable Income per Person (excluding Rent)","2017","Ireland","Euro","19215.48"
"Disposable Income per Person (excluding Rent)","2017","Northern & Western","Euro","17954.33"
"Disposable Income per Person (excluding Rent)","2017","Southern","Euro","19978.26"
"Disposable Income per Person (excluding Rent)","2017","Eastern & Midland","Euro","19161.28"
"Disposable Income per Person (excluding Rent)","2018","Ireland","Euro","19631.02"
"Disposable Income per Person (excluding Rent)","2018","Northern & Western","Euro","18347.68"
"Disposable Income per Person (excluding Rent)","2018","Southern","Euro","20065.71"
"Disposable Income per Person (excluding Rent)","2018","Eastern & Midland","Euro","19814.13"
"Disposable Income per Person (excluding Rent)","2019","Ireland","Euro","20658.49"
"Disposable Income per Person (excluding Rent)","2019","Northern & Western","Euro","19578.94"
"Disposable Income per Person (excluding Rent)","2019","Southern","Euro","21001.32"
"Disposable Income per Person (excluding Rent)","2019","Eastern & Midland","Euro","20817.83"
"Disposable Income per Person (excluding Rent)","2020","Ireland","Euro","21536.47"
"Disposable Income per Person (excluding Rent)","2020","Northern & Western","Euro","20889.24"
"Disposable Income per Person (excluding Rent)","2020","Southern","Euro","21738.91"
"Disposable Income per Person (excluding Rent)","2020","Eastern & Midland","Euro","21634.11"
"Disposable Income per Person (excluding Rent)","2021","Ireland","Euro","22338.71"
"Disposable Income per Person (excluding Rent)","2021","Northern & Western","Euro","21217.18"
"Disposable Income per Person (excluding Rent)","2021","Southern","Euro","22767.49"
"Disposable Income per Person (excluding Rent)","2021","Eastern & Midland","Euro","22453.75"
"Disposable Income per Person (excluding Rent)","2022","Ireland","Euro","23559"
"Disposable Income per Person (excluding Rent)","2022","Northern & Western","Euro","22275.98"
"Disposable Income per Person (excluding Rent)","2022","Southern","Euro","24160.03"
"Disposable Income per Person (excluding Rent)","2022","Eastern & Midland","Euro","23613.29"
"Disposable Income per Person (excluding Rent)","2023","Ireland","Euro","25389.45"
"Disposable Income per Person (excluding Rent)","2023","Northern & Western","Euro","24220.55"
"Disposable Income per Person (excluding Rent)","2023","Southern","Euro","26101.05"
"Disposable Income per Person (excluding Rent)","2023","Eastern & Midland","Euro","25328.38"
"Index of Disposable Income per Person (excluding Rent)","2000","Ireland","State=100","100"
"Index of Disposable Income per Person (excluding Rent)","2000","Northern & Western","State=100","16.85"
"Index of Disposable Income per Person (excluding Rent)","2000","Southern","State=100","35.1"
"Index of Disposable Income per Person (excluding Rent)","2000","Eastern & Midland","State=100","48.05"
"Index of Disposable Income per Person (excluding Rent)","2001","Ireland","State=100","100"
"Index of Disposable Income per Person (excluding Rent)","2001","Northern & Western","State=100","16.81"
"Index of Disposable Income per Person (excluding Rent)","2001","Southern","State=100","35.09"
"Index of Disposable Income per Person (excluding Rent)","2001","Eastern & Midland","State=100","48.09"
"Index of Disposable Income per Person (excluding Rent)","2002","Ireland","State=100","100"
"Index of Disposable Income per Person (excluding Rent)","2002","Northern & Western","State=100","16.78"
"Index of Disposable Income per Person (excluding Rent)","2002","Southern","State=100","35.42"
"Index of Disposable Income per Person (excluding Rent)","2002","Eastern & Midland","State=100","47.8"
"Index of Disposable Income per Person (excluding Rent)","2003","Ireland","State=100","100"
"Index of Disposable Income per Person (excluding Rent)","2003","Northern & Western","State=100","16.69"
"Index of Disposable Income per Person (excluding Rent)","2003","Southern","State=100","35.54"
"Index of Disposable Income per Person (excluding Rent)","2003","Eastern & Midland","State=100","47.76"
"Index of Disposable Income per Person (excluding Rent)","2004","Ireland","State=100","100"
"Index of Disposable Income per Person (excluding Rent)","2004","Northern & Western","State=100","16.59"
"Index of Disposable Income per Person (excluding Rent)","2004","Southern","State=100","35.77"
"Index of Disposable Income per Person (excluding Rent)","2004","Eastern & Midland","State=100","47.65"
"Index of Disposable Income per Person (excluding Rent)","2005","Ireland","State=100","100"
"Index of Disposable Income per Person (excluding Rent)","2005","Northern & Western","State=100","16.21"
"Index of Disposable Income per Person (excluding Rent)","2005","Southern","State=100","35.71"
"Index of Disposable Income per Person (excluding Rent)","2005","Eastern & Midland","State=100","48.08"
"Index of Disposable Income per Person (excluding Rent)","2006","Ireland","State=100","100"
"Index of Disposable Income per Person (excluding Rent)","2006","Northern & Western","State=100","16.43"
"Index of Disposable Income per Person (excluding Rent)","2006","Southern","State=100","35.7"
"Index of Disposable Income per Person (excluding Rent)","2006","Eastern & Midland","State=100","47.87"
"Index of Disposable Income per Person (excluding Rent)","2007","Ireland","State=100","100"
"Index of Disposable Income per Person (excluding Rent)","2007","Northern & Western","State=100","16.52"
"Index of Disposable Income per Person (excluding Rent)","2007","Southern","State=100","35.49"
"Index of Disposable Income per Person (excluding Rent)","2007","Eastern & Midland","State=100","47.99"
"Index of Disposable Income per Person (excluding Rent)","2008","Ireland","State=100","100"
"Index of Disposable Income per Person (excluding Rent)","2008","Northern & Western","State=100","16.57"
"Index of Disposable Income per Person (excluding Rent)","2008","Southern","State=100","35.58"
"Index of Disposable Income per Person (excluding Rent)","2008","Eastern & Midland","State=100","47.85"
"Index of Disposable Income per Person (excluding Rent)","2009","Ireland","State=100","100"
"Index of Disposable Income per Person (excluding Rent)","2009","Northern & Western","State=100","17.33"
"Index of Disposable Income per Person (excluding Rent)","2009","Southern","State=100","35.54"
"Index of Disposable Income per Person (excluding Rent)","2009","Eastern & Midland","State=100","47.13"
"Index of Disposable Income per Person (excluding Rent)","2010","Ireland","State=100","100"
"Index of Disposable Income per Person (excluding Rent)","2010","Northern & Western","State=100","17.34"
"Index of Disposable Income per Person (excluding Rent)","2010","Southern","State=100","35.51"
"Index of Disposable Income per Person (excluding Rent)","2010","Eastern & Midland","State=100","47.15"
"Index of Disposable Income per Person (excluding Rent)","2011","Ireland","State=100","100"
"Index of Disposable Income per Person (excluding Rent)","2011","Northern & Western","State=100","17.7"
"Index of Disposable Income per Person (excluding Rent)","2011","Southern","State=100","35.27"
"Index of Disposable Income per Person (excluding Rent)","2011","Eastern & Midland","State=100","47.03"
"Index of Disposable Income per Person (excluding Rent)","2012","Ireland","State=100","100"
"Index of Disposable Income per Person (excluding Rent)","2012","Northern & Western","State=100","17.68"
"Index of Disposable Income per Person (excluding Rent)","2012","Southern","State=100","35.61"
"Index of Disposable Income per Person (excluding Rent)","2012","Eastern & Midland","State=100","46.72"
"Index of Disposable Income per Person (excluding Rent)","2013","Ireland","State=100","100"
"Index of Disposable Income per Person (excluding Rent)","2013","Northern & Western","State=100","17.66"
"Index of Disposable Income per Person (excluding Rent)","2013","Southern","State=100","35.35"
"Index of Disposable Income per Person (excluding Rent)","2013","Eastern & Midland","State=100","46.99"
"Index of Disposable Income per Person (excluding Rent)","2014","Ireland","State=100","100"
"Index of Disposable Income per Person (excluding Rent)","2014","Northern & Western","State=100","17.7"
"Index of Disposable Income per Person (excluding Rent)","2014","Southern","State=100","35.39"
"Index of Disposable Income per Person (excluding Rent)","2014","Eastern & Midland","State=100","46.91"
"Index of Disposable Income per Person (excluding Rent)","2015","Ireland","State=100","100"
"Index of Disposable Income per Person (excluding Rent)","2015","Northern & Western","State=100","17.49"
"Index of Disposable Income per Person (excluding Rent)","2015","Southern","State=100","35.19"
"Index of Disposable Income per Person (excluding Rent)","2015","Eastern & Midland","State=100","47.32"
"Index of Disposable Income per Person (excluding Rent)","2016","Ireland","State=100","100"
"Index of Disposable Income per Person (excluding Rent)","2016","Northern & Western","State=100","17.21"
"Index of Disposable Income per Person (excluding Rent)","2016","Southern","State=100","34.87"
"Index of Disposable Income per Person (excluding Rent)","2016","Eastern & Midland","State=100","47.92"
"Index of Disposable Income per Person (excluding Rent)","2017","Ireland","State=100","100"
"Index of Disposable Income per Person (excluding Rent)","2017","Northern & Western","State=100","17.05"
"Index of Disposable Income per Person (excluding Rent)","2017","Southern","State=100","34.93"
"Index of Disposable Income per Person (excluding Rent)","2017","Eastern & Midland","State=100","48.02"
"Index of Disposable Income per Person (excluding Rent)","2018","Ireland","State=100","100"
"Index of Disposable Income per Person (excluding Rent)","2018","Northern & Western","State=100","17.06"
"Index of Disposable Income per Person (excluding Rent)","2018","Southern","State=100","34.34"
"Index of Disposable Income per Person (excluding Rent)","2018","Eastern & Midland","State=100","48.6"
"Index of Disposable Income per Person (excluding Rent)","2019","Ireland","State=100","100"
"Index of Disposable Income per Person (excluding Rent)","2019","Northern & Western","State=100","16.87"
"Index of Disposable Income per Person (excluding Rent)","2019","Southern","State=100","33.89"
"Index of Disposable Income per Person (excluding Rent)","2019","Eastern & Midland","State=100","49.24"
"Index of Disposable Income per Person (excluding Rent)","2020","Ireland","State=100","100"
"Index of Disposable Income per Person (excluding Rent)","2020","Northern & Western","State=100","17.26"
"Index of Disposable Income per Person (excluding Rent)","2020","Southern","State=100","33.65"
"Index of Disposable Income per Person (excluding Rent)","2020","Eastern & Midland","State=100","49.09"
"Index of Disposable Income per Person (excluding Rent)","2021","Ireland","State=100","100"
"Index of Disposable Income per Person (excluding Rent)","2021","Northern & Western","State=100","16.85"
"Index of Disposable Income per Person (excluding Rent)","2021","Southern","State=100","33.92"
"Index of Disposable Income per Person (excluding Rent)","2021","Eastern & Midland","State=100","49.23"
"Index of Disposable Income per Person (excluding Rent)","2022","Ireland","State=100","100"
"Index of Disposable Income per Person (excluding Rent)","2022","Northern & Western","State=100","16.63"
"Index of Disposable Income per Person (excluding Rent)","2022","Southern","State=100","33.93"
"Index of Disposable Income per Person (excluding Rent)","2022","Eastern & Midland","State=100","49.45"
"Index of Disposable Income per Person (excluding Rent)","2023","Ireland","State=100","100"
"Index of Disposable Income per Person (excluding Rent)","2023","Northern & Western","State=100","16.62"
"Index of Disposable Income per Person (excluding Rent)","2023","Southern","State=100","33.81"
"Index of Disposable Income per Person (excluding Rent)","2023","Eastern & Midland","State=100","49.57"
