Year,NUTS 2 Region,UNIT,"Compensation of Employees (i.e. Wages and Salaries, Benefits in kind, Employers' social insurance contribution)",Current Taxes on Income,Disposable Household Income,Disposable Income per Person,Disposable Income per Person (excluding Rent),Index of Disposable Income per Person,Index of Disposable Income per Person (excluding Rent),Index of Total Income per Person,Rent of dwellings (including imputed rent of owner-occupied dwellings),Total Household Income,Total Income per Person
2000,Eastern & Midland,Euro,,,,12873.23,11863.41,,,,,,19445.58
2000,Eastern & Midland,Euro Million,23144.07,11861.73,23233.55,,,,,,1822.52,35095.28,
2000,Eastern & Midland,State=100,,,,,,102.58,48.05,110.73,,,
2000,Ireland,Euro,,,,12549.09,11713.17,,,,,,17561.1
2000,Ireland,Euro Million,42023.36,19066.96,47739.92,,,,,,3180.03,66806.88,
2000,Ireland,State=100,,,,,,100.0,100.0,100.0,,,
2000,Northern & Western,Euro,,,,11533.87,10874.85,,,,,,14777.61
2000,Northern & Western,Euro Million,5945.04,2240.21,7965.59,,,,,,455.13,10205.8,
2000,Northern & Western,State=100,,,,,,91.91,16.85,84.15,,,
2000,Southern,Euro,,,,12637.81,11948.36,,,,,,16431.28
2000,Southern,Euro Million,12934.25,4965.02,16540.78,,,,,,902.38,21505.8,
2000,Southern,State=100,,,,,,100.71,35.1,93.57,,,
2001,Eastern & Midland,Euro,,,,14592.59,13382.46,,,,,,21570.05
2001,Eastern & Midland,Euro Million,25819.84,12795.37,26760.07,,,,,,2219.14,39555.44,
2001,Eastern & Midland,State=100,,,,,,102.73,48.09,110.69,,,
2001,Ireland,Euro,,,,14205.27,13206.5,,,,,,19486.74
2001,Ireland,Euro Million,46881.83,20406.51,54886.24,,,,,,3859.05,75292.75,
2001,Ireland,State=100,,,,,,100.0,100.0,100.0,,,
2001,Northern & Western,Euro,,,,13030.78,12248.97,,,,,,16412.1
2001,Northern & Western,Euro Million,6632.37,2368.28,9126.78,,,,,,547.58,11495.06,
2001,Northern & Western,State=100,,,,,,91.73,16.81,84.22,,,
2001,Southern,Euro,,,,14289.76,13468.21,,,,,,18233.01
2001,Southern,Euro Million,14429.62,5242.86,18999.39,,,,,,1092.32,24242.25,
2001,Southern,State=100,,,,,,100.59,35.09,93.57,,,
2002,Eastern & Midland,Euro,,,,15284.51,13931.44,,,,,,22378.83
2002,Eastern & Midland,Euro Million,27563.47,13263.51,28575.84,,,,,,2529.69,41839.34,
2002,Eastern & Midland,State=100,,,,,,102.09,47.8,110.78,,,
2002,Ireland,Euro,,,,14972.11,13857.35,,,,,,20201.62
2002,Ireland,Euro Million,50047.8,20561.66,58868.09,,,,,,4383.05,79429.74,
2002,Ireland,State=100,,,,,,100.0,100.0,100.0,,,
2002,Northern & Western,Euro,,,,13672.23,12808.07,,,,,,16913.99
2002,Northern & Western,Euro Million,7080.26,2313.54,9757.44,,,,,,616.73,12070.98,
2002,Northern & Western,State=100,,,,,,91.32,16.78,83.73,,,
2002,Southern,Euro,,,,15226.91,14309.92,,,,,,18923.08
2002,Southern,Euro Million,15404.07,4984.61,20534.81,,,,,,1236.63,25519.41,
2002,Southern,State=100,,,,,,101.7,35.42,93.67,,,
2003,Eastern & Midland,Euro,,,,16062.5,14809.74,,,,,,23644.96
2003,Eastern & Midland,Euro Million,29991.33,14424.17,30555.8,,,,,,2383.12,44979.97,
2003,Eastern & Midland,State=100,,,,,,101.69,47.76,110.14,,,
2003,Ireland,Euro,,,,15795.05,14756.8,,,,,,21468.5
2003,Ireland,Euro Million,54456.14,22676.77,63132.72,,,,,,4149.89,85809.49,
2003,Ireland,State=100,,,,,,100.0,100.0,100.0,,,
2003,Northern & Western,Euro,,,,14335.86,13528.8,,,,,,17889.31
2003,Northern & Western,Euro Million,7703.91,2586.18,10433.54,,,,,,587.38,13019.72,
2003,Northern & Western,State=100,,,,,,90.76,16.69,83.33,,,
2003,Southern,Euro,,,,16199.77,15336.95,,,,,,20345.25
2003,Southern,Euro Million,16760.9,5666.43,22143.37,,,,,,1179.39,27809.8,
2003,Southern,State=100,,,,,,102.56,35.54,94.77,,,
2004,Eastern & Midland,Euro,,,,16796.16,15736.24,,,,,,25122.14
2004,Eastern & Midland,Euro Million,32557.59,16107.38,32493.73,,,,,,2050.52,48601.11,
2004,Eastern & Midland,State=100,,,,,,101.24,47.65,109.67,,,
2004,Ireland,Euro,,,,16591.05,15709.18,,,,,,22906.81
2004,Ireland,Euro Million,59115.76,25688.4,67481.53,,,,,,3586.87,93169.93,
2004,Ireland,State=100,,,,,,100.0,100.0,100.0,,,
2004,Northern & Western,Euro,,,,14961.42,14274.2,,,,,,19013.68
2004,Northern & Western,Euro Million,8363.1,3008.77,11108.73,,,,,,510.26,14117.49,
2004,Northern & Western,State=100,,,,,,90.18,16.59,83.0,,,
2004,Southern,Euro,,,,17175.95,16437.89,,,,,,21903.3
2004,Southern,Euro Million,18195.07,6572.26,23879.06,,,,,,1026.09,30451.32,
2004,Southern,State=100,,,,,,103.53,35.77,95.62,,,
2005,Eastern & Midland,Euro,,,,18030.23,17150.96,,,,,,26988.35
2005,Eastern & Midland,Euro Million,36182.13,17767.38,35760.85,,,,,,1743.94,53528.23,
2005,Eastern & Midland,State=100,,,,,,101.61,48.08,109.18,,,
2005,Ireland,Euro,,,,17744.25,17007.87,,,,,,24718.4
2005,Ireland,Euro Million,65696.95,29012.53,73816.23,,,,,,3063.35,102828.76,
2005,Ireland,State=100,,,,,,100.0,100.0,100.0,,,
2005,Northern & Western,Euro,,,,15705.64,15128.16,,,,,,20386.71
2005,Northern & Western,Euro Million,9294.14,3548.95,11907.2,,,,,,437.82,15456.15,
2005,Northern & Western,State=100,,,,,,88.51,16.21,82.48,,,
2005,Southern,Euro,,,,18433.98,17812.47,,,,,,23859.66
2005,Southern,Euro Million,20220.68,7696.2,26148.18,,,,,,881.59,33844.38,
2005,Southern,State=100,,,,,,103.89,35.71,96.53,,,
2006,Eastern & Midland,Euro,,,,18626.35,17818.47,,,,,,28467.1
2006,Eastern & Midland,Euro Million,39786.83,20097.04,38039.18,,,,,,1649.86,58136.22,
2006,Eastern & Midland,State=100,,,,,,100.75,47.87,109.19,,,
2006,Ireland,Euro,,,,18487.66,17804.82,,,,,,26071.06
2006,Ireland,Euro Million,72242.12,32379.8,78939.02,,,,,,2915.59,111318.81,
2006,Ireland,State=100,,,,,,100.0,100.0,100.0,,,
2006,Northern & Western,Euro,,,,16631.05,16090.41,,,,,,21516.59
2006,Northern & Western,Euro Million,10220.09,3792.71,12910.91,,,,,,419.71,16703.62,
2006,Northern & Western,State=100,,,,,,89.96,16.43,82.53,,,
2006,Southern,Euro,,,,19285.62,18702.67,,,,,,25135.65
2006,Southern,Euro Million,22235.19,8490.05,27988.93,,,,,,846.03,36478.98,
2006,Southern,State=100,,,,,,104.32,35.7,96.41,,,
2007,Eastern & Midland,Euro,,,,19784.49,18527.73,,,,,,30100.27
2007,Eastern & Midland,Euro Million,43519.51,21800.01,41809.97,,,,,,2655.88,63609.98,
2007,Eastern & Midland,State=100,,,,,,100.87,47.99,108.51,,,
2007,Ireland,Euro,,,,19614.7,18542.21,,,,,,27740.24
2007,Ireland,Euro Million,79019.65,35753.85,86308.3,,,,,,4719.17,122062.15,
2007,Ireland,State=100,,,,,,100.0,100.0,100.0,,,
2007,Northern & Western,Euro,,,,17790.39,16921.15,,,,,,23315.21
2007,Northern & Western,Euro Million,11178.9,4399.74,14167.54,,,,,,692.23,18567.28,
2007,Northern & Western,State=100,,,,,,90.7,16.52,84.05,,,
2007,Southern,Euro,,,,20348.65,19428.82,,,,,,26758.41
2007,Southern,Euro Million,24321.23,9554.1,30330.79,,,,,,1371.06,39884.89,
2007,Southern,State=100,,,,,,103.74,35.49,96.46,,,
2008,Eastern & Midland,Euro,,,,20930.83,19164.23,,,,,,30701.28
2008,Eastern & Midland,Euro Million,44705.28,21116.34,45236.65,,,,,,3818.06,66352.99,
2008,Eastern & Midland,State=100,,,,,,100.75,47.85,108.57,,,
2008,Ireland,Euro,,,,20774.31,19252.56,,,,,,28277.94
2008,Ireland,Euro Million,81172.69,33736.52,93401.98,,,,,,6841.85,127138.51,
2008,Ireland,State=100,,,,,,100.0,100.0,100.0,,,
2008,Northern & Western,Euro,,,,18864.71,17617.57,,,,,,23787.02
2008,Northern & Western,Euro Million,11483.5,4006.85,15356.2,,,,,,1015.19,19363.05,
2008,Northern & Western,State=100,,,,,,90.81,16.57,84.12,,,
2008,Southern,Euro,,,,21574.03,20253.25,,,,,,27237.84
2008,Southern,Euro Million,24983.91,8613.34,32809.13,,,,,,2008.6,41422.47,
2008,Southern,State=100,,,,,,103.85,35.58,96.32,,,
2009,Eastern & Midland,Euro,,,,19128.5,17978.2,,,,,,28528.5
2009,Eastern & Midland,Euro Million,40759.32,20493.39,41702.97,,,,,,2507.84,62196.36,
2009,Eastern & Midland,State=100,,,,,,99.02,47.13,107.2,,,
2009,Ireland,Euro,,,,19318.64,18322.86,,,,,,26613.46
2009,Ireland,Euro Million,74007.89,33112.36,87690.36,,,,,,4519.99,120802.71,
2009,Ireland,State=100,,,,,,100.0,100.0,100.0,,,
2009,Northern & Western,Euro,,,,18284.02,17467.24,,,,,,23153.24
2009,Northern & Western,Euro Million,10469.89,4018.22,15088.5,,,,,,674.03,19106.72,
2009,Northern & Western,State=100,,,,,,94.64,17.33,87.0,,,
2009,Southern,Euro,,,,20145.56,19273.13,,,,,,25753.1
2009,Southern,Euro Million,22778.67,8600.75,30898.89,,,,,,1338.12,39499.64,
2009,Southern,State=100,,,,,,104.28,35.54,96.77,,,
2010,Eastern & Midland,Euro,,,,17956.04,16613.75,,,,,,27156.63
2010,Eastern & Midland,Euro Million,38217.52,20155.3,39335.43,,,,,,2940.5,59490.73,
2010,Eastern & Midland,State=100,,,,,,99.24,47.15,107.23,,,
2010,Ireland,Euro,,,,18093.85,16926.99,,,,,,25325.41
2010,Ireland,Euro Million,69392.67,32974.27,82503.76,,,,,,5320.58,115478.03,
2010,Ireland,State=100,,,,,,100.0,100.0,100.0,,,
2010,Northern & Western,Euro,,,,17067.1,16110.72,,,,,,21890.58
2010,Northern & Western,Euro Million,9816.98,4006.57,14176.61,,,,,,794.4,18183.19,
2010,Northern & Western,State=100,,,,,,94.33,17.34,86.44,,,
2010,Southern,Euro,,,,18844.43,17813.74,,,,,,24572.43
2010,Southern,Euro Million,21358.17,8812.4,28991.72,,,,,,1585.69,37804.12,
2010,Southern,State=100,,,,,,104.15,35.51,97.03,,,
2011,Eastern & Midland,Euro,,,,17696.97,16290.29,,,,,,27081.22
2011,Eastern & Midland,Euro Million,38869.23,20690.26,39018.07,,,,,,3101.44,59708.33,
2011,Eastern & Midland,State=100,,,,,,98.96,47.03,106.45,,,
2011,Ireland,Euro,,,,17883.0,16680.36,,,,,,25439.43
2011,Ireland,Euro Million,71287.41,34597.43,81878.09,,,,,,5506.32,116475.52,
2011,Ireland,State=100,,,,,,100.0,100.0,100.0,,,
2011,Northern & Western,Euro,,,,17122.5,16178.04,,,,,,22381.01
2011,Northern & Western,Euro Million,10494.73,4393.9,14307.18,,,,,,789.16,18701.08,
2011,Northern & Western,State=100,,,,,,95.75,17.7,87.98,,,
2011,Southern,Euro,,,,18562.77,17512.36,,,,,,24747.54
2011,Southern,Euro Million,21923.45,9513.27,28552.84,,,,,,1615.72,38066.1,
2011,Southern,State=100,,,,,,103.8,35.27,97.28,,,
2012,Eastern & Midland,Euro,,,,17961.95,16500.13,,,,,,27875.66
2012,Eastern & Midland,Euro Million,39364.66,21947.83,39765.74,,,,,,3236.3,61713.57,
2012,Eastern & Midland,State=100,,,,,,98.24,46.72,106.38,,,
2012,Ireland,Euro,,,,18283.31,17007.76,,,,,,26204.85
2012,Ireland,Euro Million,71983.08,36418.8,84056.43,,,,,,5864.26,120475.23,
2012,Ireland,State=100,,,,,,100.0,100.0,100.0,,,
2012,Northern & Western,Euro,,,,17515.35,16474.04,,,,,,22871.0
2012,Northern & Western,Euro Million,10480.98,4493.54,14695.84,,,,,,873.69,19189.38,
2012,Northern & Western,State=100,,,,,,95.8,17.68,87.28,,,
2012,Southern,Euro,,,,19161.13,18025.32,,,,,,25620.99
2012,Southern,Euro Million,22137.44,9977.43,29594.85,,,,,,1754.28,39572.28,
2012,Southern,State=100,,,,,,104.8,35.61,97.77,,,
2013,Eastern & Midland,Euro,,,,17878.55,16392.21,,,,,,27855.89
2013,Eastern & Midland,Euro Million,40029.01,22197.31,39775.68,,,,,,3306.76,61973.0,
2013,Eastern & Midland,State=100,,,,,,98.8,46.99,106.9,,,
2013,Ireland,Euro,,,,18096.16,16797.58,,,,,,26058.16
2013,Ireland,Euro Million,73098.06,36784.8,83605.0,,,,,,5999.48,120389.8,
2013,Ireland,State=100,,,,,,100.0,100.0,100.0,,,
2013,Northern & Western,Euro,,,,17315.87,16253.54,,,,,,22711.14
2013,Northern & Western,Euro Million,10651.17,4549.03,14599.91,,,,,,895.71,19148.93,
2013,Northern & Western,State=100,,,,,,95.69,17.66,87.16,,,
2013,Southern,Euro,,,,18831.94,17674.16,,,,,,25299.53
2013,Southern,Euro Million,22417.88,10038.46,29229.41,,,,,,1797.01,39267.87,
2013,Southern,State=100,,,,,,104.07,35.35,97.09,,,
2014,Eastern & Midland,Euro,,,,18015.5,16413.23,,,,,,28565.55
2014,Eastern & Midland,Euro Million,41611.18,23636.15,40361.61,,,,,,3589.69,63997.76,
2014,Eastern & Midland,State=100,,,,,,98.72,46.91,106.99,,,
2014,Ireland,Euro,,,,18248.23,16848.99,,,,,,26699.73
2014,Ireland,Euro Million,76019.28,39320.23,84899.19,,,,,,6509.95,124219.42,
2014,Ireland,State=100,,,,,,100.0,100.0,100.0,,,
2014,Northern & Western,Euro,,,,17490.51,16345.64,,,,,,23245.72
2014,Northern & Western,Euro Million,11090.48,4886.56,14850.63,,,,,,972.07,19737.19,
2014,Northern & Western,State=100,,,,,,95.85,17.7,87.06,,,
2014,Southern,Euro,,,,18993.45,17747.02,,,,,,25901.6
2014,Southern,Euro Million,23317.62,10797.52,29686.95,,,,,,1948.18,40484.47,
2014,Southern,State=100,,,,,,104.08,35.39,97.01,,,
2015,Eastern & Midland,Euro,,,,19078.03,17298.34,,,,,,30136.85
2015,Eastern & Midland,Euro Million,44490.29,25006.63,43140.0,,,,,,4024.31,68146.63,
2015,Eastern & Midland,State=100,,,,,,99.58,47.32,107.7,,,
2015,Ireland,Euro,,,,19157.86,17603.23,,,,,,27982.73
2015,Ireland,Euro Million,80874.94,41439.6,89960.96,,,,,,7300.2,131400.56,
2015,Ireland,State=100,,,,,,100.0,100.0,100.0,,,
2015,Northern & Western,Euro,,,,18140.57,16867.53,,,,,,24132.76
2015,Northern & Western,Euro Million,11689.94,5135.14,15545.97,,,,,,1090.96,20681.11,
2015,Northern & Western,State=100,,,,,,94.69,17.49,86.24,,,
2015,Southern,Euro,,,,19824.9,18439.9,,,,,,26986.48
2015,Southern,Euro Million,24694.72,11297.83,31275.0,,,,,,2184.93,42572.83,
2015,Southern,State=100,,,,,,103.48,35.19,96.44,,,
2016,Eastern & Midland,Euro,,,,20155.84,18219.24,,,,,,31308.59
2016,Eastern & Midland,Euro Million,47593.13,25523.5,46127.43,,,,,,4431.98,71650.93,
2016,Eastern & Midland,State=100,,,,,,101.31,47.92,108.68,,,
2016,Ireland,Euro,,,,19895.71,18309.99,,,,,,28809.18
2016,Ireland,Euro Million,86257.55,42360.93,94553.66,,,,,,7536.1,136914.59,
2016,Ireland,State=100,,,,,,100.0,100.0,100.0,,,
2016,Northern & Western,Euro,,,,18420.47,17266.91,,,,,,24533.09
2016,Northern & Western,Euro Million,12437.27,5301.59,15976.41,,,,,,1000.51,21278.0,
2016,Northern & Western,State=100,,,,,,92.59,17.21,85.16,,,
2016,Southern,Euro,,,,20324.24,19006.69,,,,,,27549.46
2016,Southern,Euro Million,26227.15,11535.84,32449.82,,,,,,2103.61,43985.65,
2016,Southern,State=100,,,,,,102.15,34.87,95.63,,,
2017,Eastern & Midland,Euro,,,,21239.11,19161.28,,,,,,32980.67
2017,Eastern & Midland,Euro Million,51060.68,27259.01,49308.34,,,,,,4823.86,76567.34,
2017,Eastern & Midland,State=100,,,,,,101.55,48.02,108.88,,,
2017,Ireland,Euro,,,,20914.2,19215.48,,,,,,30289.59
2017,Ireland,Euro Million,92268.18,45199.51,100829.1,,,,,,8189.7,146028.61,
2017,Ireland,State=100,,,,,,100.0,100.0,100.0,,,
2017,Northern & Western,Euro,,,,19187.53,17954.33,,,,,,25596.5
2017,Northern & Western,Euro Million,13237.8,5638.88,16881.98,,,,,,1085.02,22520.86,
2017,Northern & Western,State=100,,,,,,91.74,17.05,84.51,,,
2017,Southern,Euro,,,,21386.47,19978.26,,,,,,28981.66
2017,Southern,Euro Million,27969.71,12301.62,34638.79,,,,,,2280.82,46940.41,
2017,Southern,State=100,,,,,,102.26,34.93,95.68,,,
2018,Eastern & Midland,Euro,,,,22080.17,19814.13,,,,,,34286.59
2018,Eastern & Midland,Euro Million,54529.03,28745.7,51998.03,,,,,,5336.43,80743.72,
2018,Eastern & Midland,State=100,,,,,,102.79,48.6,109.64,,,
2018,Ireland,Euro,,,,21480.38,19631.02,,,,,,31272.18
2018,Ireland,Euro Million,98206.56,47885.88,105047.79,,,,,,9044.1,152933.68,
2018,Ireland,State=100,,,,,,100.0,100.0,100.0,,,
2018,Northern & Western,Euro,,,,19687.9,18347.68,,,,,,26404.37
2018,Northern & Western,Euro Million,14026.49,5994.4,17571.3,,,,,,1196.13,23565.71,
2018,Northern & Western,State=100,,,,,,91.66,17.06,84.43,,,
2018,Southern,Euro,,,,21594.38,20065.71,,,,,,29595.71
2018,Southern,Euro Million,29651.04,13145.78,35478.46,,,,,,2511.53,48624.24,
2018,Southern,State=100,,,,,,100.53,34.34,94.64,,,
2019,Eastern & Midland,Euro,,,,23306.14,20817.83,,,,,,35937.18
2019,Eastern & Midland,Euro Million,59232.9,30661.75,56575.51,,,,,,6040.38,87237.26,
2019,Eastern & Midland,State=100,,,,,,102.6,49.24,108.97,,,
2019,Ireland,Euro,,,,22715.83,20658.49,,,,,,32978.01
2019,Ireland,Euro Million,106113.02,50976.97,112840.0,,,,,,10219.77,163816.97,
2019,Ireland,State=100,,,,,,100.0,100.0,100.0,,,
2019,Northern & Western,Euro,,,,21105.08,19578.94,,,,,,28280.91
2019,Northern & Western,Euro Million,15082.83,6344.49,18660.02,,,,,,1349.34,25004.51,
2019,Northern & Western,State=100,,,,,,92.91,16.87,85.76,,,
2019,Southern,Euro,,,,22710.48,21001.32,,,,,,31147.83
2019,Southern,Euro Million,31797.29,13970.73,37604.48,,,,,,2830.06,51575.21,
2019,Southern,State=100,,,,,,99.98,33.89,94.45,,,
2020,Eastern & Midland,Euro,,,,24191.78,21634.11,,,,,,36318.34
2020,Eastern & Midland,Euro Million,59030.56,29834.0,59517.09,,,,,,6292.44,89351.09,
2020,Eastern & Midland,State=100,,,,,,102.3,49.09,108.16,,,
2020,Ireland,Euro,,,,23647.81,21536.47,,,,,,33579.88
2020,Ireland,Euro Million,105800.86,50002.31,119053.26,,,,,,10629.43,169055.58,
2020,Ireland,State=100,,,,,,100.0,100.0,100.0,,,
2020,Northern & Western,Euro,,,,22452.73,20889.24,,,,,,29432.13
2020,Northern & Western,Euro Million,15015.85,6254.01,20119.16,,,,,,1401.0,26373.17,
2020,Northern & Western,State=100,,,,,,94.95,17.26,87.65,,,
2020,Southern,Euro,,,,23488.46,21738.91,,,,,,31779.95
2020,Southern,Euro Million,31754.44,13914.3,39417.01,,,,,,2936.0,53331.32,
2020,Southern,State=100,,,,,,99.33,33.65,94.64,,,
2021,Eastern & Midland,Euro,,,,25421.39,22453.75,,,,,,39566.12
2021,Eastern & Midland,Euro Million,65494.7,35274.24,63396.11,,,,,,7400.75,98670.35,
2021,Eastern & Midland,State=100,,,,,,103.58,49.23,109.41,,,
2021,Ireland,Euro,,,,24542.6,22338.71,,,,,,36162.62
2021,Ireland,Euro Million,116964.17,59167.37,124967.2,,,,,,11221.86,184134.57,
2021,Ireland,State=100,,,,,,100.0,100.0,100.0,,,
2021,Northern & Western,Euro,,,,22607.45,21217.18,,,,,,30947.23
2021,Northern & Western,Euro Million,16573.98,7535.73,20427.84,,,,,,1256.23,27963.57,
2021,Northern & Western,State=100,,,,,,92.12,16.85,85.58,,,
2021,Southern,Euro,,,,24281.19,22767.49,,,,,,33934.7
2021,Southern,Euro Million,34895.48,16357.39,41143.25,,,,,,2564.89,57500.65,
2021,Southern,State=100,,,,,,98.93,33.92,93.84,,,
2022,Eastern & Midland,Euro,,,,26803.62,23613.29,,,,,,41893.9
2022,Eastern & Midland,Euro Million,72295.21,38710.68,68758.63,,,,,,8184.09,107469.32,
2022,Eastern & Midland,State=100,,,,,,103.19,49.45,109.07,,,
2022,Ireland,Euro,,,,25975.44,23559.0,,,,,,38409.15
2022,Ireland,Euro Million,128197.82,64652.15,135065.68,,,,,,12564.86,199717.83,
2022,Ireland,State=100,,,,,,100.0,100.0,100.0,,,
2022,Northern & Western,Euro,,,,23865.06,22275.98,,,,,,32923.65
2022,Northern & Western,Euro Million,17969.52,8282.61,21820.73,,,,,,1452.95,30103.34,
2022,Northern & Western,State=100,,,,,,91.88,16.63,85.72,,,
2022,Southern,Euro,,,,25862.12,24160.03,,,,,,36128.09
2022,Southern,Euro Million,37933.08,17658.85,44486.32,,,,,,2927.82,62145.18,
2022,Southern,State=100,,,,,,99.56,33.93,94.06,,,
2023,Eastern & Midland,Euro,,,,29201.61,25328.38,,,,,,44963.4
2023,Eastern & Midland,Euro Million,79716.36,41480.62,76850.45,,,,,,10193.25,118331.07,
2023,Eastern & Midland,State=100,,,,,,102.93,49.57,108.8,,,
2023,Ireland,Euro,,,,28370.41,25389.45,,,,,,41327.93
2023,Ireland,Euro Million,141941.44,68621.27,150245.9,,,,,,15786.78,218867.17,
2023,Ireland,State=100,,,,,,100.0,100.0,100.0,,,
2023,Northern & Western,Euro,,,,26256.02,24220.55,,,,,,35623.0
2023,Northern & Western,Euro Million,20040.13,8642.66,24225.73,,,,,,1878.07,32868.39,
2023,Northern & Western,State=100,,,,,,92.55,16.62,86.2,,,
2023,Southern,Euro,,,,28234.57,26101.05,,,,,,38856.6
2023,Southern,Euro Million,42184.95,18497.99,49169.72,,,,,,3715.46,67667.71,
2023,Southern,State=100,,,,,,99.52,33.81,94.02,,,
