Year,NUTS 2 Region,"Compensation of Employees (i.e. Wages and Salaries, Benefits in kind, Employers' social insurance contribution) (Million)",Current Taxes on Income (Million),Disposable Household Income (Million),Disposable Income per Person (Euro),Disposable Income per Person (excluding Rent) (Euro),Index of Disposable Income per Person (State100),Index of Disposable Income per Person (excluding Rent) (State100),Index of Total Income per Person (State100),Rent of dwellings (including imputed rent of owner-occupied dwellings) (Million),Total Household Income (Million),Total Income per Person (Euro)
2000,Eastern & Midland,23144.07,11861.73,23233.55,12873.23,11863.41,102.58,48.05,110.73,1822.52,35095.28,19445.58
2000,Ireland,42023.36,19066.96,47739.92,12549.09,11713.17,100.0,100.0,100.0,3180.03,66806.88,17561.1
2000,Northern & Western,5945.04,2240.21,7965.59,11533.87,10874.85,91.91,16.85,84.15,455.13,10205.8,14777.61
2000,Southern,12934.25,4965.02,16540.78,12637.81,11948.36,100.71,35.1,93.57,902.38,21505.8,16431.28
2001,Eastern & Midland,25819.84,12795.37,26760.07,14592.59,13382.46,102.73,48.09,110.69,2219.14,39555.44,21570.05
2001,Ireland,46881.83,20406.51,54886.24,14205.27,13206.5,100.0,100.0,100.0,3859.05,75292.75,19486.74
2001,Northern & Western,6632.37,2368.28,9126.78,13030.78,12248.97,91.73,16.81,84.22,547.58,11495.06,16412.1
2001,Southern,14429.62,5242.86,18999.39,14289.76,13468.21,100.59,35.09,93.57,1092.32,24242.25,18233.01
2002,Eastern & Midland,27563.47,13263.51,28575.84,15284.51,13931.44,102.09,47.8,110.78,2529.69,41839.34,22378.83
2002,Ireland,50047.8,20561.66,58868.09,14972.11,13857.35,100.0,100.0,100.0,4383.05,79429.74,20201.62
2002,Northern & Western,7080.26,2313.54,9757.44,13672.23,12808.07,91.32,16.78,83.73,616.73,12070.98,16913.99
2002,Southern,15404.07,4984.61,20534.81,15226.91,14309.92,101.7,35.42,93.67,1236.63,25519.41,18923.08
2003,Eastern & Midland,29991.33,14424.17,30555.8,16062.5,14809.74,101.69,47.76,110.14,2383.12,44979.97,23644.96
2003,Ireland,54456.14,22676.77,63132.72,15795.05,14756.8,100.0,100.0,100.0,4149.89,85809.49,21468.5
2003,Northern & Western,7703.91,2586.18,10433.54,14335.86,13528.8,90.76,16.69,83.33,587.38,13019.72,17889.31
2003,Southern,16760.9,5666.43,22143.37,16199.77,15336.95,102.56,35.54,94.77,1179.39,27809.8,20345.25
2004,Eastern & Midland,32557.59,16107.38,32493.73,16796.16,15736.24,101.24,47.65,109.67,2050.52,48601.11,25122.14
2004,Ireland,59115.76,25688.4,67481.53,16591.05,15709.18,100.0,100.0,100.0,3586.87,93169.93,22906.81
2004,Northern & Western,8363.1,3008.77,11108.73,14961.42,14274.2,90.18,16.59,83.0,510.26,14117.49,19013.68
2004,Southern,18195.07,6572.26,23879.06,17175.95,16437.89,103.53,35.77,95.62,1026.09,30451.32,21903.3
2005,Eastern & Midland,36182.13,17767.38,35760.85,18030.23,17150.96,101.61,48.08,109.18,1743.94,53528.23,26988.35
2005,Ireland,65696.95,29012.53,73816.23,17744.25,17007.87,100.0,100.0,100.0,3063.35,102828.76,24718.4
2005,Northern & Western,9294.14,3548.95,11907.2,15705.64,15128.16,88.51,16.21,82.48,437.82,15456.15,20386.71
2005,Southern,20220.68,7696.2,26148.18,18433.98,17812.47,103.89,35.71,96.53,881.59,33844.38,23859.66
2006,Eastern & Midland,39786.83,20097.04,38039.18,18626.35,17818.47,100.75,47.87,109.19,1649.86,58136.22,28467.1
2006,Ireland,72242.12,32379.8,78939.02,18487.66,17804.82,100.0,100.0,100.0,2915.59,111318.81,26071.06
2006,Northern & Western,10220.09,3792.71,12910.91,16631.05,16090.41,89.96,16.43,82.53,419.71,16703.62,21516.59
2006,Southern,22235.19,8490.05,27988.93,19285.62,18702.67,104.32,35.7,96.41,846.03,36478.98,25135.65
2007,Eastern & Midland,43519.51,21800.01,41809.97,19784.49,18527.73,100.87,47.99,108.51,2655.88,63609.98,30100.27
2007,Ireland,79019.65,35753.85,86308.3,19614.7,18542.21,100.0,100.0,100.0,4719.17,122062.15,27740.24
2007,Northern & Western,11178.9,4399.74,14167.54,17790.39,16921.15,90.7,16.52,84.05,692.23,18567.28,23315.21
2007,Southern,24321.23,9554.1,30330.79,20348.65,19428.82,103.74,35.49,96.46,1371.06,39884.89,26758.41
2008,Eastern & Midland,44705.28,21116.34,45236.65,20930.83,19164.23,100.75,47.85,108.57,3818.06,66352.99,30701.28
2008,Ireland,81172.69,33736.52,93401.98,20774.31,19252.56,100.0,100.0,100.0,6841.85,127138.51,28277.94
2008,Northern & Western,11483.5,4006.85,15356.2,18864.71,17617.57,90.81,16.57,84.12,1015.19,19363.05,23787.02
2008,Southern,24983.91,8613.34,32809.13,21574.03,20253.25,103.85,35.58,96.32,2008.6,41422.47,27237.84
2009,Eastern & Midland,40759.32,20493.39,41702.97,19128.5,17978.2,99.02,47.13,107.2,2507.84,62196.36,28528.5
2009,Ireland,74007.89,33112.36,87690.36,19318.64,18322.86,100.0,100.0,100.0,4519.99,120802.71,26613.46
2009,Northern & Western,10469.89,4018.22,15088.5,18284.02,17467.24,94.64,17.33,87.0,674.03,19106.72,23153.24
2009,Southern,22778.67,8600.75,30898.89,20145.56,19273.13,104.28,35.54,96.77,1338.12,39499.64,25753.1
2010,Eastern & Midland,38217.52,20155.3,39335.43,17956.04,16613.75,99.24,47.15,107.23,2940.5,59490.73,27156.63
2010,Ireland,69392.67,32974.27,82503.76,18093.85,16926.99,100.0,100.0,100.0,5320.58,115478.03,25325.41
2010,Northern & Western,9816.98,4006.57,14176.61,17067.1,16110.72,94.33,17.34,86.44,794.4,18183.19,21890.58
2010,Southern,21358.17,8812.4,28991.72,18844.43,17813.74,104.15,35.51,97.03,1585.69,37804.12,24572.43
2011,Eastern & Midland,38869.23,20690.26,39018.07,17696.97,16290.29,98.96,47.03,106.45,3101.44,59708.33,27081.22
2011,Ireland,71287.41,34597.43,81878.09,17883.0,16680.36,100.0,100.0,100.0,5506.32,116475.52,25439.43
2011,Northern & Western,10494.73,4393.9,14307.18,17122.5,16178.04,95.75,17.7,87.98,789.16,18701.08,22381.01
2011,Southern,21923.45,9513.27,28552.84,18562.77,17512.36,103.8,35.27,97.28,1615.72,38066.1,24747.54
2012,Eastern & Midland,39364.66,21947.83,39765.74,17961.95,16500.13,98.24,46.72,106.38,3236.3,61713.57,27875.66
2012,Ireland,71983.08,36418.8,84056.43,18283.31,17007.76,100.0,100.0,100.0,5864.26,120475.23,26204.85
2012,Northern & Western,10480.98,4493.54,14695.84,17515.35,16474.04,95.8,17.68,87.28,873.69,19189.38,22871.0
2012,Southern,22137.44,9977.43,29594.85,19161.13,18025.32,104.8,35.61,97.77,1754.28,39572.28,25620.99
2013,Eastern & Midland,40029.01,22197.31,39775.68,17878.55,16392.21,98.8,46.99,106.9,3306.76,61973.0,27855.89
2013,Ireland,73098.06,36784.8,83605.0,18096.16,16797.58,100.0,100.0,100.0,5999.48,120389.8,26058.16
2013,Northern & Western,10651.17,4549.03,14599.91,17315.87,16253.54,95.69,17.66,87.16,895.71,19148.93,22711.14
2013,Southern,22417.88,10038.46,29229.41,18831.94,17674.16,104.07,35.35,97.09,1797.01,39267.87,25299.53
2014,Eastern & Midland,41611.18,23636.15,40361.61,18015.5,16413.23,98.72,46.91,106.99,3589.69,63997.76,28565.55
2014,Ireland,76019.28,39320.23,84899.19,18248.23,16848.99,100.0,100.0,100.0,6509.95,124219.42,26699.73
2014,Northern & Western,11090.48,4886.56,14850.63,17490.51,16345.64,95.85,17.7,87.06,972.07,19737.19,23245.72
2014,Southern,23317.62,10797.52,29686.95,18993.45,17747.02,104.08,35.39,97.01,1948.18,40484.47,25901.6
2015,Eastern & Midland,44490.29,25006.63,43140.0,19078.03,17298.34,99.58,47.32,107.7,4024.31,68146.63,30136.85
2015,Ireland,80874.94,41439.6,89960.96,19157.86,17603.23,100.0,100.0,100.0,7300.2,131400.56,27982.73
2015,Northern & Western,11689.94,5135.14,15545.97,18140.57,16867.53,94.69,17.49,86.24,1090.96,20681.11,24132.76
2015,Southern,24694.72,11297.83,31275.0,19824.9,18439.9,103.48,35.19,96.44,2184.93,42572.83,26986.48
2016,Eastern & Midland,47593.13,25523.5,46127.43,20155.84,18219.24,101.31,47.92,108.68,4431.98,71650.93,31308.59
2016,Ireland,86257.55,42360.93,94553.66,19895.71,18309.99,100.0,100.0,100.0,7536.1,136914.59,28809.18
2016,Northern & Western,12437.27,5301.59,15976.41,18420.47,17266.91,92.59,17.21,85.16,1000.51,21278.0,24533.09
2016,Southern,26227.15,11535.84,32449.82,20324.24,19006.69,102.15,34.87,95.63,2103.61,43985.65,27549.46
2017,Eastern & Midland,51060.68,27259.01,49308.34,21239.11,19161.28,101.55,48.02,108.88,4823.86,76567.34,32980.67
2017,Ireland,92268.18,45199.51,100829.1,20914.2,19215.48,100.0,100.0,100.0,8189.7,146028.61,30289.59
2017,Northern & Western,13237.8,5638.88,16881.98,19187.53,17954.33,91.74,17.05,84.51,1085.02,22520.86,25596.5
2017,Southern,27969.71,12301.62,34638.79,21386.47,19978.26,102.26,34.93,95.68,2280.82,46940.41,28981.66
2018,Eastern & Midland,54529.03,28745.7,51998.03,22080.17,19814.13,102.79,48.6,109.64,5336.43,80743.72,34286.59
2018,Ireland,98206.56,47885.88,105047.79,21480.38,19631.02,100.0,100.0,100.0,9044.1,152933.68,31272.18
2018,Northern & Western,14026.49,5994.4,17571.3,19687.9,18347.68,91.66,17.06,84.43,1196.13,23565.71,26404.37
2018,Southern,29651.04,13145.78,35478.46,21594.38,20065.71,100.53,34.34,94.64,2511.53,48624.24,29595.71
2019,Eastern & Midland,59232.9,30661.75,56575.51,23306.14,20817.83,102.6,49.24,108.97,6040.38,87237.26,35937.18
2019,Ireland,106113.02,50976.97,112840.0,22715.83,20658.49,100.0,100.0,100.0,10219.77,163816.97,32978.01
2019,Northern & Western,15082.83,6344.49,18660.02,21105.08,19578.94,92.91,16.87,85.76,1349.34,25004.51,28280.91
2019,Southern,31797.29,13970.73,37604.48,22710.48,21001.32,99.98,33.89,94.45,2830.06,51575.21,31147.83
2020,Eastern & Midland,59030.56,29834.0,59517.09,24191.78,21634.11,102.3,49.09,108.16,6292.44,89351.09,36318.34
2020,Ireland,105800.86,50002.31,119053.26,23647.81,21536.47,100.0,100.0,100.0,10629.43,169055.58,33579.88
2020,Northern & Western,15015.85,6254.01,20119.16,22452.73,20889.24,94.95,17.26,87.65,1401.0,26373.17,29432.13
2020,Southern,31754.44,13914.3,39417.01,23488.46,21738.91,99.33,33.65,94.64,2936.0,53331.32,31779.95
2021,Eastern & Midland,65494.7,35274.24,63396.11,25421.39,22453.75,103.58,49.23,109.41,7400.75,98670.35,39566.12
2021,Ireland,116964.17,59167.37,124967.2,24542.6,22338.71,100.0,100.0,100.0,11221.86,184134.57,36162.62
2021,Northern & Western,16573.98,7535.73,20427.84,22607.45,21217.18,92.12,16.85,85.58,1256.23,27963.57,30947.23
2021,Southern,34895.48,16357.39,41143.25,24281.19,22767.49,98.93,33.92,93.84,2564.89,57500.65,33934.7
2022,Eastern & Midland,72295.21,38710.68,68758.63,26803.62,23613.29,103.19,49.45,109.07,8184.09,107469.32,41893.9
2022,Ireland,128197.82,64652.15,135065.68,25975.44,23559.0,100.0,100.0,100.0,12564.86,199717.83,38409.15
2022,Northern & Western,17969.52,8282.61,21820.73,23865.06,22275.98,91.88,16.63,85.72,1452.95,30103.34,32923.65
2022,Southern,37933.08,17658.85,44486.32,25862.12,24160.03,99.56,33.93,94.06,2927.82,62145.18,36128.09
2023,Eastern & Midland,79716.36,41480.62,76850.45,29201.61,25328.38,102.93,49.57,108.8,10193.25,118331.07,44963.4
2023,Ireland,141941.44,68621.27,150245.9,28370.41,25389.45,100.0,100.0,100.0,15786.78,218867.17,41327.93
2023,Northern & Western,20040.13,8642.66,24225.73,26256.02,24220.55,92.55,16.62,86.2,1878.07,32868.39,35623.0
2023,Southern,42184.95,18497.99,49169.72,28234.57,26101.05,99.52,33.81,94.02,3715.46,67667.71,38856.6
